Genero_Usuario,Edad_Usuario,Bici,Ciclo_Estacion_Retiro,Fecha_Retiro,Hora_Retiro,Ciclo_EstacionArribo,Fecha Arribo,Hora_Arribo
M,44.0,3499332,080,16/01/2024,18:41:07,338,16/01/2024,18:55:47
M,47.0,7308166,161,07/02/2024,19:21:41,065,07/02/2024,19:53:10
M,27.0,3718053,041,19/01/2024,07:26:39,007,19/01/2024,07:37:56
O,23.0,4526042,026,07/04/2024,18:10:51,052,07/04/2024,18:20:01
M,42.0,6827554,646,01/03/2024,20:08:35,656,01/03/2024,20:21:15
M,49.0,7009533,003,27/02/2024,17:31:28,096,27/02/2024,17:39:21
M,34.0,8443871,541,21/03/2024,11:46:05,303,21/03/2024,12:34:43
M,31.0,2952018,032,27/01/2024,11:03:51,142,27/01/2024,11:12:23
F,24.0,2565455,387,22/04/2024,10:06:27,291,22/04/2024,10:18:24
M,31.0,7170590,127,31/03/2024,23:23:52,123,31/03/2024,23:26:12
M,28.0,6850275,553,23/03/2024,22:17:16,086,23/03/2024,22:23:34
M,32.0,7076094,172,03/03/2024,09:55:46,186,03/03/2024,10:05:27
M,30.0,5982509,027,14/02/2024,19:18:35,271-272,14/02/2024,19:30:23
F,30.0,5491709,355,11/01/2024,10:24:21,059,11/01/2024,10:47:50
M,25.0,2703874,069,18/01/2024,10:47:16,447,18/01/2024,10:52:24
F,36.0,8148181,053,24/02/2024,12:16:59,066,24/02/2024,12:21:47
M,24.0,2764694,018,21/03/2024,23:33:20,041,21/03/2024,23:39:55
M,29.0,4201356,481,21/04/2024,10:32:06,505,21/04/2024,10:36:22
M,26.0,6209225,031,01/03/2024,20:09:14,112,01/03/2024,20:18:10
M,20.0,7259690,112,03/01/2024,09:57:31,115,03/01/2024,10:06:21
M,42.0,2432532,136,22/01/2024,11:24:29,047,22/01/2024,11:36:57
M,26.0,8606485,478,29/02/2024,07:04:23,253,29/02/2024,07:16:44
F,40.0,6238679,166,06/04/2024,15:30:25,172,06/04/2024,15:33:17
M,42.0,7111388,207,15/04/2024,14:44:15,539,15/04/2024,15:22:33
M,26.0,3583705,372,16/02/2024,21:37:44,628,16/02/2024,21:44:52
M,44.0,4984571,316,12/04/2024,10:01:32,565,12/04/2024,10:23:10
M,47.0,8678476,055,25/04/2024,14:52:04,586,25/04/2024,15:07:12
F,31.0,4258406,070,05/04/2024,22:11:11,036,05/04/2024,22:20:03
M,31.0,3579760,395,09/04/2024,13:42:26,439,09/04/2024,13:49:17
F,30.0,2056596,144,09/03/2024,14:22:56,132,09/03/2024,14:31:40
M,24.0,2517449,302,16/04/2024,17:56:29,180,16/04/2024,18:05:10
F,31.0,5227871,042,10/02/2024,13:32:24,114,10/02/2024,14:03:06
M,26.0,8013849,133,31/01/2024,21:03:25,605,31/01/2024,21:27:41
M,43.0,8288441,326,21/03/2024,16:50:42,367,21/03/2024,16:59:06
F,40.0,7228083,384,24/04/2024,18:31:25,491,24/04/2024,19:12:17
F,28.0,5413224,175,19/01/2024,21:30:24,595,19/01/2024,21:45:30
M,55.0,3540861,076,29/04/2024,12:13:14,076,29/04/2024,12:23:07
M,30.0,4201356,188,30/04/2024,18:34:53,545,30/04/2024,19:06:32
F,23.0,4467304,460,26/02/2024,19:00:36,518,26/02/2024,19:28:20
M,23.0,3503109,584,25/01/2024,21:49:49,578,25/01/2024,21:54:35
M,32.0,6117147,029,28/01/2024,15:56:52,555,28/01/2024,16:20:40
M,40.0,5052162,211,14/02/2024,13:50:46,225,14/02/2024,13:53:58
M,29.0,5946132,358,11/03/2024,19:00:48,414,11/03/2024,19:13:02
M,33.0,7669013,144,26/01/2024,16:19:28,591,26/01/2024,16:41:39
M,35.0,3467149,287,04/04/2024,18:32:03,053,04/04/2024,18:40:35
F,47.0,3296522,282,25/03/2024,14:57:30,150,25/03/2024,15:04:32
M,53.0,6307615,164,17/01/2024,14:21:15,165,17/01/2024,14:27:18
M,19.0,8365249,338,15/03/2024,20:33:47,610,15/03/2024,20:46:31
M,63.0,5725742,186,02/04/2024,15:52:45,190,02/04/2024,15:56:38
M,22.0,5930854,049,08/03/2024,23:25:37,064,08/03/2024,23:29:44
M,40.0,6345417,184,22/01/2024,23:04:55,086,22/01/2024,23:19:13
F,33.0,5082839,325,03/02/2024,08:51:19,372,03/02/2024,08:58:43
M,32.0,5793542,211,02/02/2024,13:40:24,468,02/02/2024,13:51:57
M,31.0,6001168,052,17/03/2024,09:43:23,195,17/03/2024,10:21:01
M,28.0,3957214,031,06/02/2024,19:30:53,271-272,06/02/2024,19:44:23
F,33.0,2073260,151,29/04/2024,20:06:29,134,29/04/2024,20:12:22
M,60.0,2117687,226,17/04/2024,08:15:02,118,17/04/2024,08:32:00
F,31.0,4122461,116,25/01/2024,17:59:38,105,25/01/2024,18:17:09
M,29.0,7749062,076,06/01/2024,20:44:05,128,06/01/2024,20:55:22
M,36.0,8924045,355,19/02/2024,19:42:50,380,19/02/2024,19:47:22
M,36.0,8943250,130,14/03/2024,19:53:29,056,14/03/2024,20:01:01
M,40.0,6090997,273-274,05/02/2024,12:49:11,026,05/02/2024,12:54:44
F,31.0,5084561,562,02/01/2024,18:53:38,276,02/01/2024,19:07:56
M,20.0,3349560,494,21/03/2024,21:47:39,006,21/03/2024,22:02:57
M,43.0,3640869,134,03/02/2024,21:02:14,080,03/02/2024,21:14:40
M,24.0,2552396,182,06/03/2024,08:08:04,668,06/03/2024,08:27:22
F,24.0,7131089,019,28/04/2024,09:50:42,194,28/04/2024,10:07:41
F,26.0,5934559,064,21/03/2024,08:04:52,133,21/03/2024,08:20:09
M,43.0,4288411,384,31/03/2024,12:07:01,273-274,31/03/2024,12:53:01
M,36.0,3349933,002,14/03/2024,14:05:39,046,14/03/2024,14:12:59
F,43.0,8036279,346,09/01/2024,20:56:34,059,09/01/2024,21:20:33
M,39.0,7894504,038,12/03/2024,11:58:32,057,12/03/2024,12:05:12
M,36.0,2390441,645,03/03/2024,14:07:00,652,03/03/2024,14:17:29
F,31.0,8749541,147,29/01/2024,18:32:58,045,29/01/2024,18:46:23
M,40.0,2591006,594,12/04/2024,10:57:10,297,12/04/2024,11:16:12
F,32.0,3754454,618,29/04/2024,10:23:01,602,29/04/2024,10:33:28
F,23.0,6759864,210,24/01/2024,16:05:01,461,24/01/2024,16:21:14
F,26.0,8159956,492,26/03/2024,17:13:47,484,26/03/2024,17:19:43
M,31.0,6611313,182,10/03/2024,09:57:12,142,10/03/2024,10:05:05
F,38.0,5083266,149,29/03/2024,20:58:42,337,29/03/2024,21:17:19
M,27.0,4628491,117,08/01/2024,20:45:51,552,08/01/2024,20:57:58
M,35.0,4367074,254,26/04/2024,12:39:32,175,26/04/2024,13:22:35
F,29.0,2815322,077,17/01/2024,20:03:40,181,17/01/2024,20:06:52
M,37.0,2211902,392,22/02/2024,14:55:46,321,22/02/2024,15:15:46
F,42.0,4055430,028,15/02/2024,17:29:00,028,15/02/2024,17:32:30
F,31.0,2308419,010,18/04/2024,08:05:31,217,18/04/2024,08:29:02
M,50.0,3636123,020,29/04/2024,07:55:23,021,29/04/2024,08:05:30
M,48.0,6706592,538,08/02/2024,16:28:13,019,08/02/2024,16:41:16
M,30.0,3955473,007,13/04/2024,20:34:27,194,13/04/2024,20:39:55
M,30.0,4782611,594,13/04/2024,15:01:34,179,13/04/2024,15:12:18
M,71.0,5605845,030,03/02/2024,18:51:07,005,03/02/2024,18:58:22
F,33.0,3604501,366,24/02/2024,16:25:34,385,24/02/2024,16:29:55
M,34.0,7376890,593,19/04/2024,12:56:04,287,19/04/2024,13:20:26
F,38.0,2096493,546,06/04/2024,22:08:37,052,06/04/2024,22:31:45
F,30.0,2250405,121,25/04/2024,14:19:28,125,25/04/2024,14:24:37
M,46.0,4156212,022,11/03/2024,10:03:32,029,11/03/2024,10:13:37
M,29.0,5312442,027,29/02/2024,22:59:53,256,29/02/2024,23:14:01
F,28.0,7432016,009,02/02/2024,19:44:00,452,02/02/2024,19:56:13
M,53.0,7449614,520,27/03/2024,18:31:04,513,27/03/2024,18:36:43
M,27.0,2921567,485,23/02/2024,10:26:48,471,23/02/2024,10:35:41
M,24.0,2431047,190,08/02/2024,20:59:21,325,08/02/2024,21:19:07
M,34.0,2686814,377,23/04/2024,13:16:58,424,23/04/2024,13:25:45
F,23.0,8112526,488,03/04/2024,12:18:08,510,03/04/2024,12:33:37
M,31.0,3284742,314,17/04/2024,18:48:24,365,17/04/2024,19:01:22
M,35.0,3862448,365,25/03/2024,15:31:12,395,25/03/2024,15:43:02
M,26.0,5897210,146,18/04/2024,16:12:34,112,18/04/2024,16:29:10
M,24.0,4124012,640,29/02/2024,12:36:00,608,29/02/2024,12:55:53
M,34.0,6953491,014,10/01/2024,18:42:39,192-193,10/01/2024,18:53:03
F,25.0,5042932,541,10/04/2024,20:22:06,548,10/04/2024,20:28:22
M,53.0,7633555,447,03/04/2024,18:12:01,181,03/04/2024,18:22:35
F,60.0,6247852,043,01/02/2024,16:00:09,132,01/02/2024,16:13:09
M,42.0,3580198,271-272,08/04/2024,15:47:29,017,08/04/2024,16:00:31
F,24.0,6732630,183,31/01/2024,18:13:21,057,31/01/2024,18:37:56
M,54.0,8797045,015,31/01/2024,13:49:47,228,31/01/2024,14:02:43
M,34.0,2727949,273-274,19/03/2024,16:20:40,450,19/03/2024,16:25:28
M,31.0,2250405,441,30/04/2024,17:25:44,436,30/04/2024,17:34:13
M,21.0,5366380,126,06/02/2024,23:51:31,125,06/02/2024,23:56:14
F,33.0,5981337,012,30/01/2024,14:08:16,217,30/01/2024,14:29:20
M,32.0,4328654,064,27/03/2024,11:17:55,063,27/03/2024,11:21:32
M,24.0,3072386,175,16/01/2024,19:23:43,038,16/01/2024,19:38:41
M,38.0,7809627,115,15/01/2024,14:58:56,494,15/01/2024,15:15:16
M,36.0,5096995,416,18/02/2024,14:49:39,424,18/02/2024,14:53:07
M,51.0,4852091,466,16/01/2024,14:44:30,491,16/01/2024,15:02:04
F,26.0,5037379,615,24/02/2024,20:46:59,617,24/02/2024,20:50:11
O,28.0,2741791,061,01/02/2024,23:16:36,315,01/02/2024,23:30:32
M,20.0,5947726,064,20/01/2024,18:24:57,322,20/01/2024,18:45:06
F,31.0,2843241,137,16/01/2024,14:46:01,117,16/01/2024,14:53:25
F,25.0,2424299,194,01/04/2024,07:59:32,205,01/04/2024,08:15:29
M,33.0,4257390,182,13/02/2024,09:39:38,135,13/02/2024,09:55:00
F,26.0,2942696,154,08/01/2024,08:20:27,056,08/01/2024,08:27:21
M,27.0,5537063,062,19/01/2024,11:34:44,084,19/01/2024,11:41:13
M,35.0,5966262,092,03/02/2024,17:48:28,087,03/02/2024,17:58:04
M,30.0,3668274,035,29/02/2024,17:03:21,259,29/02/2024,17:16:17
M,28.0,8481897,278,21/02/2024,07:26:41,280,21/02/2024,07:31:34
M,31.0,7231467,507,29/02/2024,13:54:59,522,29/02/2024,14:09:36
M,30.0,7282403,149,13/04/2024,14:58:21,563,13/04/2024,15:05:35
F,27.0,4664710,001,19/01/2024,18:29:22,005,19/01/2024,18:33:02
M,35.0,3958980,115,20/04/2024,15:33:24,082,20/04/2024,15:44:19
M,30.0,3852282,326,01/03/2024,14:42:25,389,01/03/2024,14:52:44
M,37.0,4291704,357,22/03/2024,11:40:02,060,22/03/2024,11:58:48
M,33.0,8024218,037,07/02/2024,11:06:54,070,07/02/2024,11:14:28
M,22.0,7288376,271-272,12/04/2024,18:02:33,260,12/04/2024,18:11:55
F,31.0,5098314,632,19/01/2024,19:00:30,594,19/01/2024,19:24:35
M,34.0,8499030,402,26/01/2024,19:22:37,320,26/01/2024,19:45:36
F,27.0,6453807,506,16/01/2024,18:53:18,504,16/01/2024,19:02:37
M,46.0,8399750,126,28/04/2024,16:55:10,116,28/04/2024,17:04:35
F,33.0,8025660,006,10/02/2024,17:38:31,056,10/02/2024,17:51:43
F,30.0,8797060,606,03/04/2024,22:09:51,602,03/04/2024,22:16:38
M,29.0,6780118,271-272,07/02/2024,14:23:01,248,07/02/2024,14:40:27
M,30.0,4672184,698,06/04/2024,19:18:35,685,06/04/2024,19:29:22
M,57.0,4336665,271-272,14/04/2024,07:27:07,128,14/04/2024,07:41:57
M,35.0,4507067,146,19/01/2024,11:59:24,153,19/01/2024,12:22:26
M,30.0,3667474,258,07/04/2024,08:14:52,258,07/04/2024,09:45:15
M,39.0,4453767,002,24/03/2024,10:56:07,121,24/03/2024,11:04:50
M,39.0,3843356,150,28/04/2024,14:47:00,040,28/04/2024,15:01:26
M,46.0,6366348,129,15/02/2024,21:59:33,562,15/02/2024,22:10:15
M,42.0,2897270,032,27/02/2024,09:56:15,186,27/02/2024,10:10:11
M,34.0,3069515,499,08/02/2024,21:05:58,548,08/02/2024,21:13:50
F,23.0,4595815,265,18/02/2024,09:41:20,480,18/02/2024,10:03:49
M,41.0,2188407,010,04/04/2024,18:56:17,005,04/04/2024,19:07:17
F,39.0,5503115,395,25/03/2024,19:22:32,378,25/03/2024,19:25:11
F,29.0,3880234,118,12/01/2024,14:07:44,127,12/01/2024,14:12:36
M,27.0,8250375,360,29/04/2024,18:17:53,360,29/04/2024,18:28:11
F,18.0,2154649,603,07/03/2024,20:06:29,604,07/03/2024,20:09:16
F,30.0,4336152,260,12/03/2024,07:39:55,017,12/03/2024,07:49:28
M,56.0,2268589,576,21/01/2024,13:27:06,007,21/01/2024,13:46:56
M,25.0,3493665,359,09/01/2024,19:12:38,425,09/01/2024,19:23:36
M,25.0,7521289,008,02/04/2024,18:01:51,096,02/04/2024,18:08:16
M,37.0,6401392,074,14/02/2024,13:48:48,179,14/02/2024,13:53:21
M,63.0,7192875,219,05/02/2024,14:22:02,111,05/02/2024,14:46:05
M,40.0,4546990,394,10/03/2024,09:36:41,385,10/03/2024,09:54:08
M,25.0,6103766,461,08/03/2024,17:43:17,523,08/03/2024,18:19:25
M,62.0,6659023,085,01/04/2024,14:50:22,174,01/04/2024,14:54:50
F,31.0,5818166,475,27/01/2024,09:03:21,211,27/01/2024,09:10:26
M,41.0,4981874,126,03/04/2024,11:10:39,056,03/04/2024,11:16:48
M,23.0,6747018,221,01/02/2024,22:52:35,464,01/02/2024,23:00:39
M,44.0,4924056,633,13/01/2024,10:35:37,589,13/01/2024,10:51:12
M,26.0,5929120,115,14/01/2024,12:26:42,137,14/01/2024,12:50:34
F,27.0,6280390,197,23/03/2024,18:23:25,233,23/03/2024,18:34:49
F,32.0,5478359,398,13/02/2024,08:30:38,393,13/02/2024,08:34:40
M,21.0,4222519,039,10/03/2024,09:18:23,150,10/03/2024,09:29:05
M,30.0,5584560,485,12/04/2024,11:56:32,480,12/04/2024,12:04:44
M,36.0,3595089,455,03/04/2024,14:06:52,202,03/04/2024,14:13:50
M,27.0,6845721,209,23/04/2024,15:25:31,072,23/04/2024,15:42:09
M,65.0,3583705,659,27/04/2024,08:08:03,396,27/04/2024,08:19:19
M,30.0,6377527,614,21/03/2024,20:20:21,599,21/03/2024,20:27:45
M,27.0,7326853,185,03/04/2024,07:27:17,014,03/04/2024,07:40:29
M,26.0,6701882,054,15/02/2024,18:12:44,054,15/02/2024,18:32:11
M,27.0,8933368,288,07/01/2024,09:54:57,331,07/01/2024,09:58:00
M,43.0,7520927,017,19/04/2024,19:43:00,119,19/04/2024,19:57:47
M,37.0,8758492,264-275,05/03/2024,08:26:00,207,05/03/2024,08:49:47
M,30.0,2564607,579,08/03/2024,19:10:55,560,08/03/2024,19:18:22
M,28.0,3198314,567,21/02/2024,10:42:16,114,21/02/2024,10:53:57
F,26.0,8841876,402,13/04/2024,19:01:12,640,13/04/2024,19:12:46
M,25.0,7920309,016,25/01/2024,14:54:16,107-108,25/01/2024,15:04:16
F,35.0,4960266,144,24/04/2024,18:34:44,271-272,24/04/2024,19:24:13
M,39.0,2661270,639,18/01/2024,09:15:08,644,18/01/2024,09:18:09
F,28.0,7561962,373,21/01/2024,10:42:42,072,21/01/2024,11:23:04
M,32.0,5432000,228,19/03/2024,08:28:22,227,19/03/2024,08:33:08
M,66.0,7063076,029,22/01/2024,11:25:57,095,22/01/2024,11:49:08
M,37.0,2351799,133,28/03/2024,11:48:55,163,28/03/2024,12:01:50
M,27.0,8776296,615,02/02/2024,11:30:22,652,02/02/2024,11:44:13
F,23.0,7563661,092,23/02/2024,08:41:15,003,23/02/2024,09:02:30
F,25.0,4669677,033,08/04/2024,18:00:35,571,08/04/2024,18:25:21
F,21.0,6581698,525,09/03/2024,09:04:17,519,09/03/2024,09:12:05
M,47.0,5811617,242,28/02/2024,08:28:14,230,28/02/2024,08:35:37
F,60.0,5725742,271-272,07/03/2024,11:56:33,262,07/03/2024,12:12:06
M,27.0,8537946,037,11/03/2024,19:18:54,292,11/03/2024,19:35:01
M,58.0,5159686,147,16/03/2024,15:11:13,047,16/03/2024,15:28:51
M,19.0,6403471,588,28/02/2024,13:12:19,605,28/02/2024,13:16:53
F,34.0,8493421,271-272,04/03/2024,07:08:09,314,04/03/2024,07:37:12
F,22.0,2328193,430,15/04/2024,08:24:43,283,15/04/2024,08:44:08
F,26.0,7400278,058,28/02/2024,09:40:59,080,28/02/2024,09:49:46
M,33.0,7535610,265,23/03/2024,10:26:10,010,23/03/2024,10:31:11
M,33.0,3658044,551,12/01/2024,19:51:04,491,12/01/2024,20:02:00
M,33.0,7279094,192-193,19/01/2024,07:11:49,253,19/01/2024,07:20:55
M,37.0,2123016,034,16/01/2024,06:27:40,028,16/01/2024,06:33:47
M,19.0,3141926,419,23/01/2024,18:55:45,390-391,23/01/2024,19:00:49
M,33.0,5761184,549,20/02/2024,18:04:07,493,20/02/2024,18:16:32
M,32.0,4430443,107-108,19/02/2024,08:58:34,031,19/02/2024,09:07:30
M,44.0,3663556,260,10/02/2024,13:21:35,271-272,10/02/2024,13:29:19
M,37.0,8682320,135,28/02/2024,09:28:53,056,28/02/2024,09:37:40
F,54.0,6739114,151,11/04/2024,08:37:56,158-159,11/04/2024,08:40:52
M,41.0,6503874,592,22/02/2024,09:20:08,589,22/02/2024,09:26:16
M,47.0,5731765,019,01/02/2024,18:10:59,266-267,01/02/2024,18:21:57
M,23.0,7634876,018,22/03/2024,10:31:42,130,22/03/2024,10:51:07
M,51.0,5672696,237-238,26/04/2024,07:41:15,214,26/04/2024,07:48:24
M,21.0,7535578,494,12/03/2024,15:00:01,489,12/03/2024,15:04:51
F,27.0,7756604,020,20/03/2024,06:46:17,014,20/03/2024,06:55:50
F,28.0,8900839,552,20/02/2024,19:28:55,537,20/02/2024,19:41:52
M,39.0,2386373,182,31/01/2024,19:52:01,150,31/01/2024,20:00:22
M,35.0,3440724,253,16/02/2024,17:19:21,271-272,16/02/2024,17:41:40
F,27.0,2601623,031,14/03/2024,17:51:48,041,14/03/2024,18:01:25
M,35.0,4996203,041,07/02/2024,20:20:08,271-272,07/02/2024,20:27:48
M,49.0,5877394,106,21/02/2024,09:24:00,098,21/02/2024,10:07:07
M,27.0,4515995,469,11/03/2024,18:19:59,033,11/03/2024,19:01:06
M,25.0,6137327,360,12/03/2024,16:58:09,377,12/03/2024,17:00:51
M,22.0,6010771,546,11/04/2024,05:55:21,472,11/04/2024,06:05:16
M,32.0,4610713,462,28/02/2024,09:57:08,011,28/02/2024,10:18:15
M,27.0,8852865,228,11/02/2024,10:14:59,044,11/02/2024,10:52:58
M,54.0,4994406,001,04/03/2024,14:01:37,030,04/03/2024,14:13:47
M,40.0,6984140,593,12/01/2024,17:01:34,599,12/01/2024,17:03:46
M,29.0,6045637,120,07/04/2024,14:36:28,130,07/04/2024,14:39:23
M,27.0,6408694,056,08/02/2024,06:05:21,271-272,08/02/2024,06:20:44
M,32.0,3138468,082,22/04/2024,09:15:06,129,22/04/2024,09:37:03
M,28.0,2275600,136,24/04/2024,23:45:41,133,24/04/2024,23:50:49
M,26.0,4037354,201,16/04/2024,17:07:49,584,16/04/2024,17:42:18
M,44.0,2522167,574,13/04/2024,13:51:16,447,13/04/2024,14:12:58
F,33.0,5381207,112,28/02/2024,13:20:51,124,28/02/2024,13:28:45
F,29.0,7829179,037,06/01/2024,09:01:30,136,06/01/2024,09:12:33
M,53.0,4924056,181,11/01/2024,15:17:45,084,11/01/2024,15:21:42
M,30.0,5302658,064,05/02/2024,18:53:57,164,05/02/2024,19:03:48
M,21.0,2188407,331,13/01/2024,17:49:52,614,13/01/2024,18:06:52
F,31.0,2196749,053,15/04/2024,19:15:14,143,15/04/2024,19:32:47
M,47.0,6359756,154,29/04/2024,21:03:14,178,29/04/2024,21:14:10
M,29.0,7004401,369,02/04/2024,19:30:05,040,02/04/2024,19:53:03
F,33.0,3668274,316,03/03/2024,15:16:32,613,03/03/2024,15:25:47
M,40.0,2723427,216,28/02/2024,18:41:48,145,28/02/2024,19:07:58
M,22.0,2854065,015,01/04/2024,13:34:04,054,01/04/2024,13:40:40
M,32.0,3420742,291,21/03/2024,11:00:12,074,21/03/2024,11:08:05
F,21.0,6547566,260,07/04/2024,18:47:41,260,07/04/2024,19:03:05
M,25.0,8396806,620,23/02/2024,09:20:45,618,23/02/2024,09:25:49
M,43.0,6929806,091,14/01/2024,14:03:26,016,14/01/2024,14:21:57
M,34.0,3462769,551,02/03/2024,17:14:43,151,02/03/2024,17:35:24
M,23.0,2184059,043,24/04/2024,17:02:41,043,24/04/2024,17:18:14
O,27.0,6469407,433,06/01/2024,12:21:03,439,06/01/2024,12:59:43
F,60.0,7701410,085,03/04/2024,07:01:48,018,03/04/2024,07:10:24
M,28.0,6352561,121,12/01/2024,19:22:35,135,12/01/2024,19:31:22
F,40.0,6655229,032,26/03/2024,10:53:23,057,26/03/2024,11:00:15
M,30.0,7736580,070,25/01/2024,22:08:17,002,25/01/2024,22:21:36
M,61.0,5131966,077,16/01/2024,21:59:05,068,16/01/2024,22:02:41
F,24.0,3236692,243,28/03/2024,10:45:47,477,28/03/2024,10:57:01
M,45.0,5930904,608,19/03/2024,08:14:43,277,19/03/2024,08:29:10
M,32.0,8211708,192-193,20/01/2024,14:33:31,033,20/01/2024,14:49:42
M,30.0,5429360,064,20/02/2024,19:40:12,188,20/02/2024,20:14:11
M,37.0,4183471,679,04/03/2024,07:30:41,115,04/03/2024,08:07:36
M,35.0,4201141,017,24/04/2024,20:57:30,005,24/04/2024,20:59:03
M,35.0,5144829,014,20/01/2024,11:18:18,031,20/01/2024,11:27:53
M,67.0,5280110,092,24/02/2024,20:14:01,055,24/02/2024,20:20:33
M,26.0,5374517,459,04/04/2024,17:15:12,095,04/04/2024,18:14:08
F,24.0,4794186,515,27/03/2024,11:24:45,518,27/03/2024,11:32:13
M,32.0,2427409,505,07/03/2024,06:50:01,499,07/03/2024,06:59:13
M,41.0,4024717,121,17/04/2024,15:21:46,564,17/04/2024,15:28:14
F,32.0,4248191,023,15/02/2024,17:14:09,323,15/02/2024,17:52:39
M,23.0,7531304,293,11/04/2024,21:46:25,143,11/04/2024,21:58:31
F,35.0,6361679,007,07/03/2024,18:22:31,041,07/03/2024,18:47:19
F,33.0,2675080,035,28/02/2024,10:45:12,001,28/02/2024,10:59:26
M,40.0,3717808,020,10/02/2024,18:05:28,019,10/02/2024,18:47:28
M,39.0,8626889,259,21/02/2024,11:53:31,031,21/02/2024,12:03:35
F,28.0,2741791,037,14/03/2024,17:53:18,195,14/03/2024,18:05:31
M,30.0,6610778,042,10/01/2024,08:30:30,022,10/01/2024,08:36:00
F,56.0,7176795,095,18/04/2024,13:11:03,558,18/04/2024,13:20:46
M,31.0,8394108,660,03/04/2024,20:25:17,395,03/04/2024,20:38:41
M,30.0,5265541,545,03/01/2024,13:13:41,041,03/01/2024,13:25:39
M,34.0,2401040,281,23/04/2024,07:04:06,295,23/04/2024,07:05:24
M,25.0,6846612,582,21/02/2024,14:11:38,586,21/02/2024,14:15:34
F,26.0,2026599,485,01/03/2024,07:37:11,243,01/03/2024,08:50:16
M,37.0,3448537,684,06/02/2024,20:20:17,398,06/02/2024,20:34:31
M,45.0,5488192,076,02/02/2024,21:49:58,073,02/02/2024,21:54:33
M,29.0,7981285,084,26/02/2024,13:38:31,061,26/02/2024,13:42:26
F,31.0,6374482,036,16/01/2024,09:04:17,116,16/01/2024,09:19:36
M,50.0,2906808,393,29/02/2024,21:25:36,380,29/02/2024,21:27:34
F,26.0,2510436,215,20/01/2024,13:19:48,463,20/01/2024,13:27:43
F,33.0,5986971,352,30/04/2024,08:05:47,355,30/04/2024,08:14:20
M,33.0,2449668,477,10/04/2024,10:26:40,018,10/04/2024,10:38:05
M,46.0,4973020,138,21/03/2024,19:24:25,130,21/03/2024,19:27:30
F,28.0,5982277,011,06/01/2024,17:00:27,548,06/01/2024,17:18:47
M,40.0,7305220,128,31/01/2024,09:56:02,116,31/01/2024,09:59:53
M,31.0,3813177,323,05/03/2024,21:33:17,620,05/03/2024,21:51:33
M,63.0,2003184,118,08/02/2024,17:32:34,114,08/02/2024,17:42:56
F,25.0,6964613,596,12/03/2024,08:50:47,323,12/03/2024,09:00:19
F,25.0,4458402,053,24/02/2024,07:54:34,161,24/02/2024,08:09:30
M,21.0,8665101,276,23/04/2024,19:48:27,576,23/04/2024,20:19:31
M,32.0,7290620,141,24/04/2024,17:56:20,354,24/04/2024,18:21:46
M,34.0,7647787,102,24/01/2024,15:44:56,096,24/01/2024,15:48:43
M,22.0,6087555,287,11/01/2024,15:43:27,140,11/01/2024,15:59:24
M,24.0,8726655,069,17/03/2024,11:29:41,121,17/03/2024,11:39:31
M,34.0,3140563,342,15/04/2024,23:43:28,624,15/04/2024,23:59:33
F,32.0,2231389,174,16/01/2024,08:21:50,012,16/01/2024,08:27:51
M,33.0,3599859,570,04/03/2024,11:00:27,096,04/03/2024,11:11:12
M,37.0,3029337,175,27/01/2024,16:10:36,338,27/01/2024,16:23:29
F,30.0,2370526,346,22/03/2024,07:59:36,381,22/03/2024,08:06:48
M,28.0,7292238,479,21/02/2024,15:21:49,271-272,21/02/2024,15:36:38
M,27.0,8716391,392,10/01/2024,15:13:54,597,10/01/2024,15:44:53
M,34.0,3271228,585,30/04/2024,06:40:34,576,30/04/2024,06:46:38
M,35.0,4276820,001,13/04/2024,12:47:52,011,13/04/2024,12:53:58
M,39.0,4114724,549,10/01/2024,07:40:11,014,10/01/2024,07:54:45
O,34.0,6176796,428,23/04/2024,18:43:13,401,23/04/2024,18:49:03
M,29.0,4310827,545,12/03/2024,11:28:35,497,12/03/2024,11:35:15
M,29.0,7361264,117,11/03/2024,06:28:24,197,11/03/2024,06:56:54
M,43.0,4259586,015,10/04/2024,15:24:32,212,10/04/2024,15:37:42
M,36.0,7712714,395,02/03/2024,21:25:25,348,02/03/2024,21:38:18
M,37.0,4492914,010,01/03/2024,07:29:20,315,01/03/2024,07:52:54
M,33.0,4336665,005,30/03/2024,22:18:25,117,31/03/2024,03:19:37
M,31.0,7379795,015,11/01/2024,17:21:10,266-267,11/01/2024,17:39:12
F,29.0,4889085,211,28/02/2024,18:53:23,452,28/02/2024,19:00:17
M,34.0,4051652,038,15/03/2024,23:38:31,038,16/03/2024,00:04:09
M,44.0,5188933,139,23/04/2024,19:54:23,151,23/04/2024,19:57:30
M,34.0,3817905,614,30/01/2024,08:09:56,001,30/01/2024,08:35:56
M,23.0,5535273,635,03/03/2024,09:49:02,390-391,03/03/2024,10:10:15
M,40.0,6823876,352,19/02/2024,16:12:09,365,19/02/2024,16:15:51
M,34.0,8536724,555,25/01/2024,12:13:47,071,25/01/2024,12:38:15
F,30.0,8463382,037,12/04/2024,11:03:08,063,12/04/2024,11:10:08
F,26.0,3181161,356,14/03/2024,19:26:09,156,14/03/2024,19:45:40
M,37.0,7669013,018,11/04/2024,09:11:47,461,11/04/2024,09:36:58
O,26.0,2004398,141,12/03/2024,15:17:31,148,12/03/2024,15:21:02
M,23.0,2764694,021,09/04/2024,20:37:32,271-272,09/04/2024,20:53:04
M,36.0,7452691,229,28/03/2024,15:49:06,030,28/03/2024,16:17:03
F,50.0,5918644,265,27/04/2024,21:40:25,537,27/04/2024,21:55:14
M,27.0,2741791,459,15/04/2024,14:23:05,461,15/04/2024,14:30:25
M,52.0,8115586,667,29/04/2024,14:05:08,164,29/04/2024,14:20:15
M,27.0,3775616,127,06/03/2024,18:13:53,569,06/03/2024,18:27:12
M,47.0,4479887,349,01/03/2024,06:58:03,629,01/03/2024,07:11:50
M,32.0,2486066,325,28/04/2024,12:11:51,668,28/04/2024,12:28:45
F,44.0,2609014,021,18/01/2024,13:23:03,338,18/01/2024,13:51:48
F,27.0,6801344,040,26/02/2024,22:50:09,126,26/02/2024,22:54:21
M,31.0,2915106,617,29/04/2024,20:11:04,594,29/04/2024,20:20:39
M,25.0,6818041,138,08/01/2024,07:16:49,158-159,08/01/2024,07:24:23
M,33.0,2358166,670,20/02/2024,08:01:57,439,20/02/2024,08:09:36
M,47.0,2367068,303,07/01/2024,09:12:20,381,07/01/2024,09:26:33
M,35.0,7335599,201,22/02/2024,17:06:23,132,22/02/2024,17:28:21
M,35.0,8262990,294,02/02/2024,20:09:17,179,02/02/2024,20:20:04
M,23.0,7441769,571,06/03/2024,18:43:59,570,06/03/2024,18:51:39
M,36.0,4708590,449,04/04/2024,15:43:10,194,04/04/2024,16:18:36
M,20.0,2111557,498,15/02/2024,16:16:46,499,15/02/2024,16:47:43
M,34.0,6424600,115,05/01/2024,15:02:54,066,05/01/2024,15:19:11
M,22.0,3458890,141,26/04/2024,21:42:02,287,26/04/2024,22:03:50
M,27.0,3953981,616,30/01/2024,18:17:59,683,30/01/2024,18:57:25
O,44.0,6827554,518,15/03/2024,18:07:32,266-267,15/03/2024,18:31:57
M,43.0,4178851,494,26/01/2024,18:17:40,038,26/01/2024,18:36:35
M,58.0,7032550,395,13/04/2024,18:43:14,371,13/04/2024,18:52:35
M,38.0,5082839,168,17/02/2024,14:01:42,072,17/02/2024,14:05:13
M,53.0,3686474,640,29/01/2024,07:52:03,184,29/01/2024,08:19:14
F,32.0,7529506,464,10/04/2024,06:55:18,215,10/04/2024,07:01:33
F,32.0,3710100,503,11/01/2024,13:01:06,505,11/01/2024,13:06:26
M,59.0,4605325,180,05/03/2024,13:51:08,078,05/03/2024,13:57:07
M,32.0,8247744,470,30/04/2024,18:35:39,264-275,30/04/2024,18:47:00
F,25.0,3458890,211,26/02/2024,19:59:08,043,26/02/2024,20:32:09
M,32.0,6222459,404,25/04/2024,10:02:09,377,25/04/2024,10:06:00
F,29.0,7849375,351,17/03/2024,11:04:43,076,17/03/2024,11:31:49
M,22.0,4027652,032,25/03/2024,16:27:28,019,25/03/2024,16:34:13
M,28.0,8054231,556,06/02/2024,10:28:16,262,06/02/2024,10:36:31
M,47.0,6374482,047,04/03/2024,17:46:23,150,04/03/2024,17:53:39
M,28.0,5971320,182,02/04/2024,08:57:33,334,02/04/2024,09:06:33
M,39.0,6300123,053,07/01/2024,11:37:18,067,07/01/2024,11:40:39
M,22.0,3601143,119,25/02/2024,14:40:46,001,25/02/2024,14:50:27
M,29.0,6199251,542,28/01/2024,14:41:49,553,28/01/2024,14:49:14
M,26.0,7974736,091,09/01/2024,21:01:08,570,09/01/2024,21:12:16
M,25.0,4329686,123,13/04/2024,21:59:37,563,13/04/2024,22:03:27
F,23.0,2772796,107-108,25/02/2024,09:50:52,449,25/02/2024,10:04:06
M,56.0,5494067,075,30/01/2024,09:41:41,055,30/01/2024,10:02:11
M,55.0,6931067,028,04/03/2024,19:15:56,271-272,04/03/2024,19:29:32
F,41.0,8121949,031,04/01/2024,17:12:06,567,04/01/2024,17:25:55
F,24.0,4106068,022,11/02/2024,14:06:29,022,11/02/2024,15:17:06
M,20.0,2993319,452,28/03/2024,09:43:27,045,28/03/2024,10:10:31
F,37.0,3393550,242,08/03/2024,13:59:50,257,08/03/2024,14:26:05
M,27.0,8354276,419,06/04/2024,09:08:19,618,06/04/2024,09:25:22
M,28.0,4899118,008,10/03/2024,16:27:02,014,10/03/2024,16:43:20
M,30.0,6887806,206,01/04/2024,13:52:54,208,01/04/2024,13:58:50
M,46.0,8285413,318,26/02/2024,10:46:42,597,26/02/2024,11:25:40
M,30.0,6690515,154,30/04/2024,08:20:55,304,30/04/2024,08:31:34
M,41.0,7765340,401,20/02/2024,13:43:36,372,20/02/2024,13:59:28
M,62.0,6845325,474,22/03/2024,13:02:09,482,22/03/2024,13:07:34
M,26.0,2058741,021,11/01/2024,17:45:26,030,11/01/2024,17:54:34
F,65.0,6144216,091,04/04/2024,17:33:28,092,04/04/2024,17:38:43
M,24.0,5217351,002,14/04/2024,12:49:09,006,14/04/2024,12:52:16
F,29.0,2473353,280,02/01/2024,14:57:29,297,02/01/2024,15:03:27
M,24.0,8866568,174,12/04/2024,19:44:32,271-272,12/04/2024,19:53:24
M,33.0,7874001,100,16/01/2024,08:56:14,040,16/01/2024,09:13:21
M,26.0,8052714,670,12/01/2024,05:56:07,416,12/01/2024,06:02:09
O,44.0,5182506,074,30/04/2024,19:07:55,414,30/04/2024,19:33:03
M,30.0,4144390,556,05/01/2024,18:00:48,171,05/01/2024,18:42:37
M,58.0,5352661,121,13/03/2024,12:31:07,033,13/03/2024,12:34:39
M,41.0,4325932,035,17/01/2024,08:20:58,032,17/01/2024,08:24:42
M,39.0,4755930,210,07/03/2024,08:22:16,215,07/03/2024,08:28:09
M,42.0,4397063,083,28/02/2024,14:44:04,250,28/02/2024,15:01:38
M,34.0,5345426,136,17/01/2024,21:16:51,069,17/01/2024,21:22:32
M,40.0,2245611,055,29/01/2024,19:30:30,107-108,29/01/2024,19:48:19
F,32.0,3400827,027,10/03/2024,17:30:03,117,10/03/2024,17:55:31
M,31.0,7692221,234,23/01/2024,09:29:15,037,23/01/2024,09:42:54
F,27.0,7693930,144,25/01/2024,15:34:35,081,25/01/2024,15:45:54
F,32.0,6111462,699,19/03/2024,11:07:23,653,19/03/2024,11:21:34
M,36.0,6538557,471,28/02/2024,14:45:57,242,28/02/2024,15:01:47
M,31.0,8361610,695,22/02/2024,19:11:22,648,22/02/2024,19:22:05
M,35.0,6146625,280,18/04/2024,09:50:15,594,18/04/2024,10:08:23
M,30.0,7503279,168,26/01/2024,18:02:31,025,26/01/2024,18:20:52
F,32.0,6243661,217,15/04/2024,14:05:33,225,15/04/2024,14:08:36
M,44.0,3223575,019,26/02/2024,20:38:38,458,26/02/2024,21:04:27
O,23.0,2461127,442,26/02/2024,21:09:02,401,26/02/2024,21:23:16
M,38.0,8004327,555,29/02/2024,07:14:35,197,29/02/2024,07:46:14
M,33.0,5366257,077,22/01/2024,21:05:43,066,22/01/2024,21:08:58
M,30.0,2919710,613,12/02/2024,18:18:03,600,12/02/2024,18:19:38
M,29.0,4083564,354,05/01/2024,09:46:13,326,05/01/2024,09:52:11
F,27.0,2800118,045,15/02/2024,13:18:38,045,15/02/2024,13:29:39
M,24.0,8321952,126,26/03/2024,14:47:03,139,26/03/2024,14:52:04
M,26.0,8268849,499,04/03/2024,18:54:56,495,04/03/2024,19:01:42
F,41.0,2839850,135,28/04/2024,14:33:08,143,28/04/2024,14:41:09
F,28.0,8734428,257,22/04/2024,19:00:44,046,22/04/2024,19:15:04
F,24.0,3697984,315,19/04/2024,16:32:14,310,19/04/2024,16:47:32
M,39.0,6647994,284,08/01/2024,13:02:49,170,08/01/2024,13:15:16
F,30.0,3591393,536,20/04/2024,16:25:21,540,20/04/2024,16:41:48
M,32.0,8165425,271-272,22/01/2024,08:51:00,007,22/01/2024,09:03:43
F,39.0,5346036,156,02/02/2024,09:39:08,031,02/02/2024,09:53:28
M,44.0,4006904,160,21/03/2024,21:24:46,027,21/03/2024,21:31:23
F,26.0,8569014,067,11/01/2024,19:19:42,049,11/01/2024,19:24:37
M,19.0,4904702,465,24/01/2024,21:37:24,273-274,24/01/2024,21:54:34
M,43.0,3584141,556,15/01/2024,11:14:47,095,15/01/2024,11:18:34
M,40.0,2038792,678,15/04/2024,13:10:52,390-391,15/04/2024,13:17:48
F,39.0,7221740,612,07/03/2024,18:50:10,292,07/03/2024,19:04:26
M,30.0,2228567,421,11/02/2024,16:59:00,362,11/02/2024,17:10:27
M,42.0,5666193,672,29/03/2024,14:42:24,660,29/03/2024,14:50:26
F,29.0,3907631,096,29/04/2024,14:22:43,096,29/04/2024,14:43:31
M,60.0,6058028,422,25/04/2024,08:26:25,668,25/04/2024,08:30:12
F,35.0,4241303,359,16/03/2024,21:13:21,343,16/03/2024,21:17:47
M,40.0,6977052,546,29/01/2024,07:40:40,480,29/01/2024,07:56:51
M,49.0,3636958,231,21/03/2024,10:16:34,223,21/03/2024,10:30:52
M,30.0,3076858,064,23/02/2024,19:15:56,046,23/02/2024,19:21:49
F,28.0,8351058,145,30/04/2024,15:04:52,144,30/04/2024,15:09:09
M,26.0,8777054,197,30/04/2024,17:16:36,465,30/04/2024,17:29:06
M,40.0,4852232,079,28/02/2024,18:08:53,285,28/02/2024,18:16:40
F,23.0,3847696,053,29/01/2024,13:53:27,044,29/01/2024,13:59:42
O,30.0,6445993,402,16/03/2024,17:32:08,276,16/03/2024,17:45:09
M,32.0,3602208,449,05/02/2024,14:27:15,014,05/02/2024,14:31:06
M,25.0,2409878,315,23/02/2024,11:02:35,337,23/02/2024,11:20:45
M,27.0,2554764,594,19/02/2024,13:45:44,025,19/02/2024,14:04:24
F,25.0,8514804,150,07/02/2024,18:37:22,149,07/02/2024,18:45:13
M,31.0,8208027,633,17/01/2024,09:02:17,597,17/01/2024,09:18:19
M,32.0,2844124,055,25/01/2024,22:05:13,011,25/01/2024,22:24:28
F,32.0,5255807,001,05/04/2024,19:52:43,573,05/04/2024,20:16:40
M,49.0,3000502,065,09/01/2024,07:47:27,316,09/01/2024,08:24:28
M,28.0,7754161,106,07/03/2024,08:58:59,212,07/03/2024,09:42:13
F,28.0,7302482,007,23/03/2024,08:24:49,027,23/03/2024,08:54:05
O,34.0,3994084,066,13/04/2024,18:21:47,059,13/04/2024,18:43:20
M,24.0,7630064,222,07/02/2024,23:54:00,223,07/02/2024,23:56:53
M,34.0,8030371,027,07/03/2024,22:20:11,043,07/03/2024,22:44:54
F,22.0,5142989,025,24/03/2024,12:47:36,023,24/03/2024,14:09:21
M,26.0,6809438,439,16/03/2024,15:49:37,695,16/03/2024,16:04:26
M,69.0,5772033,227,13/01/2024,10:38:35,239,13/01/2024,10:54:37
M,24.0,3890118,367,19/03/2024,16:45:18,369,19/03/2024,16:47:37
M,27.0,3072386,226,05/04/2024,15:09:26,212,05/04/2024,15:14:39
M,50.0,5288410,646,17/01/2024,20:26:59,100,17/01/2024,20:57:12
M,32.0,5081302,369,22/03/2024,18:46:03,292,22/03/2024,19:00:32
M,26.0,3906567,598,15/02/2024,16:53:44,059,15/02/2024,17:36:29
M,27.0,6504229,480,04/03/2024,19:21:33,504,04/03/2024,19:36:46
F,22.0,5419197,257,27/01/2024,21:53:49,027,27/01/2024,22:00:21
F,28.0,6478341,257,20/03/2024,09:13:24,019,20/03/2024,09:17:07
M,50.0,8514606,630,26/01/2024,20:40:36,317,26/01/2024,21:00:36
M,27.0,7626096,192-193,13/04/2024,11:00:51,231,13/04/2024,11:04:40
O,30.0,6650717,595,20/03/2024,20:41:25,593,20/03/2024,20:47:07
M,29.0,5993217,114,15/01/2024,15:55:01,303,15/01/2024,16:20:09
M,54.0,5303060,259,26/03/2024,08:15:47,217,26/03/2024,08:32:57
M,30.0,4074720,070,05/01/2024,19:15:35,361,05/01/2024,19:59:48
F,28.0,4470530,546,04/03/2024,23:41:36,183,04/03/2024,23:55:28
M,25.0,7849797,387,24/03/2024,18:34:25,079,24/03/2024,18:57:01
M,28.0,2145241,254,20/03/2024,08:30:46,002,20/03/2024,08:42:50
F,39.0,8426447,007,13/03/2024,14:19:26,252,13/03/2024,14:39:44
M,20.0,8634628,116,27/03/2024,09:25:54,270,27/03/2024,09:38:05
M,35.0,5211032,133,05/01/2024,09:41:27,120,05/01/2024,09:47:24
M,34.0,3075967,133,17/03/2024,16:30:17,099,17/03/2024,16:43:27
M,33.0,8114605,045,23/04/2024,15:53:18,117,23/04/2024,16:19:00
M,27.0,5456769,129,09/04/2024,15:48:47,044,09/04/2024,15:57:49
M,33.0,8527632,217,13/02/2024,13:26:26,252,13/02/2024,13:33:46
M,30.0,4804209,433,26/01/2024,09:36:34,024,26/01/2024,10:09:54
F,35.0,6508196,211,29/01/2024,06:53:26,216,29/01/2024,06:58:17
M,25.0,2301265,005,05/01/2024,09:15:23,014,05/01/2024,09:19:27
O,28.0,8766719,109,12/04/2024,09:43:20,127,12/04/2024,09:56:12
F,26.0,4964680,032,10/04/2024,15:09:27,283,10/04/2024,15:31:04
M,28.0,8360976,017,23/03/2024,18:35:27,027,23/03/2024,19:30:28
F,33.0,7571656,112,08/03/2024,14:42:54,273-274,08/03/2024,14:52:23
M,25.0,4843504,563,16/02/2024,07:05:10,113,16/02/2024,07:12:00
M,23.0,2897270,501,01/02/2024,18:46:29,491,01/02/2024,18:52:10
M,33.0,5373261,134,19/04/2024,23:02:12,277,19/04/2024,23:11:28
M,43.0,5376991,114,04/03/2024,09:14:36,212,04/03/2024,09:35:48
M,31.0,8721110,220,29/02/2024,17:37:54,242,29/02/2024,17:44:40
O,24.0,3066925,390-391,27/03/2024,15:31:41,385,27/03/2024,15:36:02
M,32.0,5348180,065,26/04/2024,07:19:58,028,26/04/2024,07:38:12
F,39.0,6720403,006,15/04/2024,09:37:32,078,15/04/2024,09:54:33
M,28.0,7700172,010,21/01/2024,10:58:42,018,21/01/2024,11:10:14
F,45.0,2948743,178,17/01/2024,09:06:48,063,17/01/2024,09:14:43
F,28.0,7584584,316,19/04/2024,14:53:04,340,19/04/2024,15:05:50
M,30.0,6590335,600,04/04/2024,09:26:54,141,04/04/2024,09:41:23
M,44.0,4812988,198,29/02/2024,15:54:26,227,29/02/2024,16:02:15
F,26.0,2139996,448,26/03/2024,07:47:30,032,26/03/2024,08:00:58
M,34.0,6711766,037,20/03/2024,21:51:47,130,20/03/2024,21:59:09
M,46.0,7146657,433,13/03/2024,18:08:25,384,13/03/2024,18:19:09
M,25.0,5362579,060,03/02/2024,13:24:52,037,03/02/2024,13:45:21
M,51.0,2177715,144,29/04/2024,19:03:39,575,29/04/2024,19:09:26
F,24.0,6280390,546,01/02/2024,08:11:27,007,01/02/2024,08:32:00
F,22.0,6434435,217,22/01/2024,10:58:35,462,22/01/2024,11:29:38
M,31.0,7063076,334,23/01/2024,18:52:03,395,23/01/2024,19:04:14
F,23.0,5692785,218,24/04/2024,06:43:37,075,24/04/2024,06:56:28
F,45.0,6661136,277,29/04/2024,14:45:37,039,29/04/2024,14:58:41
M,37.0,6162556,604,01/03/2024,13:22:06,604,01/03/2024,13:27:00
F,39.0,2794451,158-159,19/03/2024,13:26:33,136,19/03/2024,13:38:15
M,31.0,2652337,084,09/01/2024,17:24:16,583,09/01/2024,17:44:37
M,38.0,5238001,088,23/04/2024,13:05:41,262,23/04/2024,13:15:44
F,52.0,6200554,006,06/02/2024,16:31:23,131,06/02/2024,16:47:59
F,33.0,3001245,547,22/02/2024,11:08:15,141,22/02/2024,11:23:51
M,35.0,5075130,047,10/01/2024,14:55:15,044,10/01/2024,15:00:06
M,42.0,8545873,399,15/02/2024,09:30:22,394,15/02/2024,09:35:17
M,49.0,2726784,555,10/01/2024,19:51:05,545,10/01/2024,19:57:43
M,36.0,5718689,016,18/04/2024,21:39:56,447,18/04/2024,21:50:44
O,28.0,6222459,178,08/02/2024,09:49:21,036,08/02/2024,09:57:29
M,26.0,4686770,266-267,22/02/2024,08:35:20,019,22/02/2024,08:46:06
F,37.0,3202371,340,10/04/2024,05:43:20,338,10/04/2024,05:48:29
M,37.0,5696109,004,10/02/2024,08:14:13,257,10/02/2024,08:19:22
M,35.0,8480923,100,24/04/2024,07:41:22,116,24/04/2024,07:54:56
M,29.0,3396645,020,21/03/2024,08:49:39,014,21/03/2024,08:58:10
F,19.0,2299857,298,04/03/2024,21:28:06,125,04/03/2024,21:54:00
M,38.0,7695869,110,26/02/2024,08:13:58,032,26/02/2024,08:31:26
M,28.0,5798376,225,25/02/2024,13:50:49,467,25/02/2024,14:38:36
M,24.0,5878970,560,06/01/2024,18:19:29,413,06/01/2024,18:56:11
M,49.0,4108676,194,14/03/2024,08:52:58,224,14/03/2024,09:01:21
F,26.0,6331367,161,26/02/2024,10:46:47,063,26/02/2024,10:57:13
M,41.0,7159437,156,15/04/2024,15:11:39,136,15/04/2024,15:18:07
M,22.0,2771202,018,09/04/2024,17:11:50,569,09/04/2024,17:27:10
M,46.0,8893612,038,17/02/2024,15:10:32,074,17/02/2024,15:20:39
M,24.0,3111705,339,18/03/2024,09:27:53,052,18/03/2024,09:58:59
M,37.0,5932231,053,01/04/2024,09:37:09,032,01/04/2024,09:43:34
F,38.0,3551702,154,28/04/2024,19:33:04,162,28/04/2024,19:39:45
M,25.0,3235579,231,16/04/2024,18:33:26,501,16/04/2024,19:04:12
M,28.0,3002797,095,24/03/2024,15:24:02,555,24/03/2024,15:45:48
M,37.0,5900626,273-274,23/04/2024,07:35:12,216,23/04/2024,08:02:20
M,39.0,6578686,386,30/04/2024,21:37:42,414,30/04/2024,21:44:38
F,51.0,6959712,339,28/03/2024,18:22:19,085,28/03/2024,18:57:36
M,47.0,8263402,087,21/02/2024,21:13:59,109,21/02/2024,21:21:31
M,40.0,5226881,124,24/04/2024,10:05:32,276,24/04/2024,10:15:59
M,26.0,4421772,081,09/04/2024,10:14:10,059,09/04/2024,10:18:27
M,32.0,2069797,341,24/04/2024,20:04:48,047,24/04/2024,20:29:23
M,45.0,8978660,107-108,05/01/2024,08:09:12,116,05/01/2024,08:40:36
M,42.0,4493128,194,23/04/2024,13:58:08,226,23/04/2024,14:02:22
M,40.0,4210712,018,17/01/2024,16:48:09,028,17/01/2024,16:54:34
M,41.0,8634644,083,13/02/2024,15:58:10,084,13/02/2024,16:03:14
M,23.0,7724735,164,19/01/2024,09:03:19,125,19/01/2024,09:20:57
M,35.0,8997330,589,27/03/2024,20:07:43,612,27/03/2024,20:18:48
F,25.0,7795743,415,16/02/2024,22:40:47,366,16/02/2024,22:54:13
M,39.0,7559651,197,16/01/2024,07:40:48,237-238,16/01/2024,07:52:28
M,42.0,6668644,392,11/04/2024,17:55:33,644,11/04/2024,18:40:48
M,22.0,6661029,106,05/04/2024,12:23:53,028,05/04/2024,13:48:48
M,27.0,5086046,498,23/04/2024,09:47:19,481,23/04/2024,09:58:28
M,33.0,6411847,167,19/03/2024,20:14:28,690,19/03/2024,20:52:16
M,29.0,2898237,054,28/01/2024,12:17:26,053,28/01/2024,12:23:22
M,22.0,6420301,317,02/04/2024,11:24:12,390-391,02/04/2024,11:35:42
M,24.0,2442408,271-272,27/03/2024,10:05:24,015,27/03/2024,10:17:22
M,31.0,5997788,602,06/04/2024,13:13:23,594,06/04/2024,13:19:39
M,28.0,6589493,190,24/01/2024,15:53:04,172,24/01/2024,15:59:49
M,52.0,2469260,110,15/01/2024,18:44:56,155,15/01/2024,19:02:31
M,44.0,7077712,645,06/03/2024,08:50:18,698,06/03/2024,08:59:27
M,31.0,4564712,484,11/02/2024,11:12:28,555,11/02/2024,11:26:19
M,27.0,6511539,628,31/01/2024,18:06:57,648,31/01/2024,18:19:58
M,34.0,3689353,404,05/04/2024,14:44:49,628,05/04/2024,14:46:56
M,28.0,5413224,192-193,12/01/2024,17:40:32,019,12/01/2024,17:56:12
F,25.0,7801020,584,29/02/2024,17:16:27,594,29/02/2024,17:27:21
F,25.0,7859242,017,13/04/2024,19:14:16,263,13/04/2024,19:25:52
M,37.0,7559826,064,18/02/2024,23:46:14,060,18/02/2024,23:53:31
M,25.0,4481933,025,10/02/2024,17:56:41,031,10/02/2024,18:02:18
M,29.0,8386369,013,21/04/2024,10:22:25,192-193,21/04/2024,11:04:27
F,21.0,5864939,027,28/04/2024,06:48:06,649,28/04/2024,07:26:35
F,33.0,4182796,347,10/04/2024,17:22:22,119,10/04/2024,17:53:14
M,64.0,4183471,036,10/04/2024,07:37:39,001,10/04/2024,08:11:05
M,31.0,6894968,004,17/02/2024,00:24:03,679,17/02/2024,00:49:42
M,39.0,7677628,104,17/01/2024,19:10:40,096,17/01/2024,19:17:46
M,31.0,3951589,118,01/02/2024,05:48:16,116,01/02/2024,06:26:22
F,27.0,3348794,449,06/02/2024,17:39:21,133,06/02/2024,17:53:55
F,26.0,7091010,058,25/03/2024,22:31:05,137,25/03/2024,22:42:41
M,47.0,3473071,024,03/04/2024,11:31:24,124,03/04/2024,11:52:00
M,36.0,6061485,390-391,30/03/2024,16:52:56,438,30/03/2024,17:23:20
M,34.0,4074894,123,15/04/2024,14:50:32,120,15/04/2024,14:54:39
M,23.0,4330726,451,20/02/2024,17:35:27,027,20/02/2024,17:57:32
M,36.0,6546865,001,19/03/2024,17:59:04,064,19/03/2024,18:12:06
F,28.0,2934560,263,04/01/2024,19:43:28,047,04/01/2024,20:06:08
F,31.0,6917256,128,10/03/2024,11:20:35,014,10/03/2024,12:14:46
M,28.0,2973873,250,19/03/2024,08:46:58,064,19/03/2024,09:00:17
F,28.0,4229084,074,18/03/2024,11:58:02,175,18/03/2024,12:05:07
M,32.0,4205001,036,12/03/2024,14:21:13,143,12/03/2024,14:36:54
F,34.0,4830758,260,04/02/2024,13:05:57,095,04/02/2024,13:27:01
O,42.0,4544532,223,29/04/2024,12:36:52,553,29/04/2024,12:57:18
F,27.0,2065795,173,22/02/2024,06:43:19,064,22/02/2024,06:52:23
M,37.0,7554058,035,19/01/2024,23:25:41,028,19/01/2024,23:47:59
M,25.0,2729762,009,16/04/2024,22:00:54,180,16/04/2024,22:16:48
M,53.0,6467369,337,06/02/2024,19:47:45,412,06/02/2024,20:02:16
F,36.0,8937120,568,16/01/2024,18:26:25,285,16/01/2024,18:54:53
M,32.0,6300222,377,03/01/2024,18:04:47,271-272,03/01/2024,18:33:53
M,30.0,2125599,242,16/04/2024,15:51:23,218,16/04/2024,16:04:35
M,37.0,6886188,460,25/04/2024,08:24:13,237-238,25/04/2024,08:33:57
F,20.0,7480627,173,20/04/2024,14:37:30,182,20/04/2024,14:45:40
M,27.0,3148699,252,31/01/2024,23:10:02,192-193,31/01/2024,23:20:45
M,39.0,6182000,385,07/02/2024,17:13:14,314,07/02/2024,17:21:58
M,38.0,4631248,668,25/04/2024,18:27:40,187,25/04/2024,18:48:19
F,29.0,7831977,049,22/04/2024,08:05:23,059,22/04/2024,08:14:10
F,45.0,3438868,041,25/01/2024,13:37:46,256,25/01/2024,13:44:24
F,36.0,2049856,306,04/04/2024,15:41:40,031,04/04/2024,16:14:26
F,26.0,5281159,390-391,28/02/2024,18:58:25,428,28/02/2024,19:15:28
M,38.0,4051652,096,25/01/2024,17:18:17,051,25/01/2024,17:33:32
F,21.0,4586152,081,11/01/2024,22:17:07,288,11/01/2024,22:28:02
F,47.0,3197696,555,02/02/2024,17:43:50,111,02/02/2024,17:52:26
O,42.0,8712564,059,20/03/2024,11:09:10,046,20/03/2024,11:13:36
M,47.0,3403607,294,16/02/2024,21:39:02,575,16/02/2024,21:53:38
F,27.0,2431047,605,23/04/2024,08:53:17,628,23/04/2024,09:10:45
M,32.0,5410469,117,20/03/2024,08:55:16,569,20/03/2024,09:24:39
M,34.0,5555594,034,13/03/2024,17:14:49,032,13/03/2024,17:19:19
F,29.0,4628129,031,11/03/2024,17:55:30,273-274,11/03/2024,18:10:01
M,30.0,8239923,070,18/01/2024,15:11:43,053,18/01/2024,15:16:03
F,29.0,5376108,018,14/01/2024,15:05:27,078,14/01/2024,15:36:39
M,31.0,5045133,052,29/01/2024,07:31:57,030,29/01/2024,07:47:43
M,36.0,7215288,585,29/02/2024,20:57:47,560,29/02/2024,21:05:28
M,49.0,3403607,651,05/02/2024,18:17:05,684,05/02/2024,18:35:34
M,32.0,5735014,091,09/01/2024,06:08:21,186,09/01/2024,06:38:05
M,42.0,8232506,114,23/02/2024,19:24:44,030,23/02/2024,19:34:26
M,32.0,5568563,120,27/04/2024,14:31:12,003,27/04/2024,14:56:53
M,34.0,7614621,546,31/03/2024,22:03:17,268-269,31/03/2024,22:17:33
M,26.0,6793186,059,31/01/2024,15:10:23,458,31/01/2024,15:43:00
M,53.0,4426375,142,22/02/2024,18:51:32,306,22/02/2024,19:09:12
M,28.0,8046203,547,21/03/2024,16:36:03,041,21/03/2024,16:46:27
M,34.0,6810659,181,12/02/2024,17:48:58,182,12/02/2024,18:02:41
F,30.0,2454718,117,12/01/2024,07:45:45,053,12/01/2024,07:59:09
F,29.0,2956308,035,02/04/2024,08:56:59,584,02/04/2024,09:21:02
M,30.0,8232506,107-108,29/04/2024,08:16:25,031,29/04/2024,08:23:36
M,72.0,2714178,439,18/04/2024,15:07:27,692,18/04/2024,15:21:11
F,29.0,4342614,205,30/04/2024,13:01:11,194,30/04/2024,13:10:32
F,35.0,7032055,137,01/02/2024,18:19:34,212,01/02/2024,18:45:11
F,25.0,4343935,254,09/04/2024,06:34:35,273-274,09/04/2024,06:44:00
F,29.0,8497398,054,22/02/2024,13:31:58,205,22/02/2024,13:48:15
M,48.0,2916690,282,12/04/2024,06:26:08,295,12/04/2024,06:28:46
F,24.0,7181191,114,18/03/2024,07:46:56,117,18/03/2024,07:51:29
M,32.0,6593099,483,18/02/2024,13:37:08,556,18/02/2024,14:15:23
M,27.0,3404928,015,19/02/2024,09:38:07,179,19/02/2024,09:46:51
M,34.0,5349915,072,02/02/2024,19:02:01,365,02/02/2024,19:23:08
F,38.0,8186199,124,04/04/2024,09:42:22,064,04/04/2024,09:55:23
F,20.0,3462587,060,06/03/2024,19:06:13,068,06/03/2024,19:41:38
F,23.0,6519052,242,11/01/2024,12:56:47,213,11/01/2024,13:03:35
F,43.0,2266088,173,26/03/2024,21:11:19,166,26/03/2024,21:30:04
M,38.0,4687034,463,03/04/2024,13:37:26,241,03/04/2024,13:43:54
M,25.0,8075160,226,08/04/2024,15:08:33,054,08/04/2024,15:18:16
M,35.0,7205982,339,05/03/2024,21:22:37,300,05/03/2024,21:31:46
F,29.0,6112858,208,14/03/2024,08:28:00,249,14/03/2024,08:38:55
M,37.0,2670966,103,02/02/2024,17:29:54,501,02/02/2024,17:40:54
F,26.0,2535045,260,30/03/2024,20:57:09,016,30/03/2024,21:40:04
M,24.0,2957348,514,22/01/2024,18:33:55,111,22/01/2024,19:01:49
M,37.0,8937120,022,22/02/2024,19:13:57,278,22/02/2024,19:37:46
F,22.0,2888261,709,31/01/2024,13:18:51,699,31/01/2024,13:34:53
M,29.0,2266120,034,17/01/2024,17:09:07,029,17/01/2024,17:29:08
M,33.0,3296258,005,11/02/2024,17:19:04,030,11/02/2024,17:26:23
M,22.0,8814899,380,24/04/2024,22:00:59,380,24/04/2024,22:25:30
F,34.0,7440381,287,14/02/2024,12:25:50,054,14/02/2024,12:42:04
M,27.0,2946655,058,22/03/2024,14:51:21,071,22/03/2024,14:59:35
F,30.0,6625453,453,03/01/2024,14:36:10,463,03/01/2024,14:47:48
M,27.0,4258125,056,29/02/2024,16:52:28,592,29/02/2024,17:17:37
F,33.0,6448302,016,03/02/2024,19:49:34,343,03/02/2024,20:31:29
M,42.0,6130124,491,09/04/2024,18:21:26,475,09/04/2024,18:30:18
M,49.0,2644334,478,05/03/2024,09:36:13,243,05/03/2024,09:46:06
M,45.0,8405987,624,07/03/2024,07:28:37,628,07/03/2024,07:35:13
M,25.0,8499428,494,21/02/2024,17:10:02,500,21/02/2024,17:21:49
F,42.0,8972754,226,22/01/2024,07:41:55,231,22/01/2024,07:47:28
M,49.0,3149218,082,18/01/2024,17:52:58,472,18/01/2024,18:28:18
M,20.0,5977277,273-274,07/02/2024,16:44:11,006,07/02/2024,16:56:43
M,48.0,6601280,286,20/03/2024,13:19:43,286,20/03/2024,13:22:53
M,26.0,2000776,044,09/03/2024,22:03:52,056,10/03/2024,10:37:48
M,36.0,4938189,048,03/04/2024,09:52:02,088,03/04/2024,09:58:29
F,26.0,8926222,476,05/04/2024,09:38:36,014,05/04/2024,09:50:56
M,55.0,7709751,152,22/01/2024,07:53:42,158-159,22/01/2024,07:58:30
F,33.0,2455889,127,06/03/2024,11:38:37,601,06/03/2024,12:10:38
M,36.0,4431649,117,04/03/2024,17:53:05,142,04/03/2024,18:08:35
F,37.0,8980864,224,04/04/2024,15:35:08,235-236,04/04/2024,15:44:43
F,25.0,4877924,014,08/03/2024,14:13:30,035,08/03/2024,14:23:38
M,24.0,8833592,333,12/04/2024,18:20:34,599,12/04/2024,18:52:28
M,25.0,6234462,053,16/01/2024,09:45:50,074,16/01/2024,09:49:31
M,35.0,4583050,172,09/01/2024,11:31:18,018,09/01/2024,12:01:49
M,43.0,2858868,634,19/04/2024,20:42:47,635,19/04/2024,20:45:32
F,40.0,4838686,271-272,11/01/2024,06:50:23,011,11/01/2024,07:01:08
M,38.0,6304729,060,12/03/2024,14:47:30,285,12/03/2024,14:59:07
M,27.0,7417181,257,17/04/2024,08:44:52,018,17/04/2024,08:48:49
M,46.0,3915303,558,17/04/2024,20:19:09,546,17/04/2024,20:44:47
M,21.0,6512834,378,02/02/2024,18:29:14,378,02/02/2024,18:38:19
M,41.0,7115488,576,07/03/2024,09:04:14,134,07/03/2024,09:16:42
M,35.0,8765893,041,21/04/2024,12:04:06,195,21/04/2024,12:30:09
M,36.0,4330726,028,19/03/2024,19:35:19,280,19/03/2024,19:53:41
F,35.0,7747843,327,14/02/2024,20:43:22,155,14/02/2024,20:55:40
M,39.0,8198665,180,23/01/2024,19:19:31,158-159,23/01/2024,19:27:21
F,27.0,6715320,499,31/03/2024,18:18:34,546,31/03/2024,18:26:24
F,29.0,5611181,347,25/01/2024,06:45:16,309,25/01/2024,06:52:19
M,31.0,5333612,304,16/01/2024,11:06:39,141,16/01/2024,11:22:09
M,64.0,4436424,120,03/02/2024,12:56:04,072,03/02/2024,13:10:29
M,29.0,6537930,087,24/04/2024,16:43:46,025,24/04/2024,16:59:12
M,36.0,3213444,028,07/02/2024,16:49:15,116,07/02/2024,17:01:48
M,25.0,2029635,465,16/02/2024,20:22:06,198,16/02/2024,20:31:14
M,29.0,8426744,301,19/04/2024,12:51:30,595,19/04/2024,13:09:57
M,34.0,3732849,417,16/04/2024,14:04:04,633,16/04/2024,14:26:35
M,45.0,3174604,135,06/04/2024,23:45:34,162,06/04/2024,23:58:30
M,22.0,8621963,034,28/02/2024,17:20:34,028,28/02/2024,17:49:25
M,38.0,4686770,232,16/04/2024,12:05:26,209,16/04/2024,12:38:11
F,25.0,4325718,025,17/01/2024,18:26:27,027,17/01/2024,18:30:43
M,25.0,2760585,002,05/04/2024,23:58:05,033,06/04/2024,00:03:38
F,51.0,6199210,041,22/02/2024,15:24:23,088,22/02/2024,15:39:04
F,31.0,4144390,375,18/02/2024,16:10:34,412,18/02/2024,16:18:56
M,38.0,8508780,070,05/04/2024,17:31:24,009,05/04/2024,17:52:05
F,33.0,6130975,017,13/04/2024,10:11:29,194,13/04/2024,10:31:18
F,56.0,3493665,158-159,26/01/2024,18:41:03,578,26/01/2024,18:57:09
M,35.0,5348180,701,11/03/2024,21:39:05,277,11/03/2024,22:10:35
M,33.0,5348081,492,10/01/2024,14:44:42,174,10/01/2024,14:51:25
M,30.0,4451399,273-274,15/02/2024,13:15:55,493,15/02/2024,13:26:44
M,32.0,7213283,196,08/03/2024,07:23:20,225,08/03/2024,07:31:12
M,32.0,7355522,633,18/04/2024,11:51:12,582,18/04/2024,12:14:46
F,32.0,7908494,637,23/04/2024,06:35:20,420,23/04/2024,06:54:49
M,31.0,4335550,031,25/03/2024,08:59:26,014,25/03/2024,09:07:42
F,34.0,5427216,563,30/01/2024,10:43:36,141,30/01/2024,10:51:21
M,34.0,4529020,095,30/01/2024,17:48:02,089,30/01/2024,17:51:39
F,29.0,7300890,359,01/02/2024,11:38:17,397,01/02/2024,11:44:51
F,39.0,6973267,412,13/02/2024,18:23:07,700,13/02/2024,18:37:37
M,26.0,4999611,013,18/02/2024,19:38:49,508,18/02/2024,20:08:02
M,25.0,2760270,448,06/02/2024,10:23:14,126,06/02/2024,10:37:33
M,29.0,5257076,106,24/01/2024,15:12:34,262,24/01/2024,15:18:53
M,43.0,3765237,077,25/01/2024,09:36:15,068,25/01/2024,09:40:22
F,37.0,8183386,271-272,16/04/2024,19:57:50,183,16/04/2024,20:09:09
M,48.0,2394948,156,05/03/2024,20:07:14,064,05/03/2024,20:13:03
M,26.0,3658044,227,15/03/2024,14:58:45,237-238,15/03/2024,15:13:02
F,28.0,8761751,432,29/01/2024,22:08:28,430,29/01/2024,22:12:45
F,37.0,3934650,199,08/03/2024,12:59:22,208,08/03/2024,13:06:20
F,27.0,2675684,158-159,27/04/2024,15:01:32,077,27/04/2024,15:18:15
M,67.0,5204821,397,13/04/2024,08:51:06,372,13/04/2024,08:55:49
M,24.0,2200129,626,19/04/2024,10:02:12,305,19/04/2024,10:15:10
M,18.0,2094894,237-238,03/02/2024,14:02:09,239,03/02/2024,14:09:58
M,24.0,6375554,205,27/04/2024,17:13:51,225,27/04/2024,17:38:45
M,43.0,2881852,037,02/02/2024,15:19:27,027,02/02/2024,15:39:14
M,39.0,4665949,452,29/02/2024,09:36:33,213,29/02/2024,09:56:33
M,53.0,6000145,615,15/03/2024,21:51:39,169,15/03/2024,22:10:44
M,32.0,5262282,208,17/04/2024,10:03:41,242,17/04/2024,10:13:13
M,37.0,3357951,419,15/02/2024,08:34:57,417,15/02/2024,08:40:09
F,36.0,8997280,110,03/04/2024,15:39:54,582,03/04/2024,15:55:42
F,28.0,5565866,562,07/03/2024,20:52:48,179,07/03/2024,21:14:07
M,38.0,6276521,172,15/01/2024,09:09:02,061,15/01/2024,09:16:28
M,44.0,4204046,399,20/03/2024,19:34:47,429,20/03/2024,19:40:56
M,36.0,7291677,476,06/01/2024,18:26:57,291,06/01/2024,18:50:09
M,30.0,7442023,191,21/03/2024,16:20:01,141,21/03/2024,16:38:14
M,32.0,8314858,544,17/04/2024,13:40:57,503,17/04/2024,13:47:47
F,33.0,6262976,217,31/03/2024,17:22:00,112,31/03/2024,17:50:35
M,49.0,3884822,356,28/04/2024,15:48:46,161,28/04/2024,16:00:35
F,20.0,5386628,068,19/03/2024,17:19:14,176,19/03/2024,17:39:16
F,24.0,4090213,464,14/03/2024,17:13:43,466,14/03/2024,17:19:24
M,33.0,6482871,195,09/02/2024,15:02:55,007,09/02/2024,15:29:36
O,35.0,3258811,357,16/04/2024,18:58:33,378,16/04/2024,19:01:16
M,46.0,4801429,067,26/04/2024,21:18:20,036,26/04/2024,21:22:47
M,43.0,2843381,273-274,22/02/2024,07:35:53,261,22/02/2024,07:48:10
M,23.0,4139655,603,28/04/2024,21:41:56,176,28/04/2024,22:10:57
M,27.0,2296499,044,03/03/2024,13:07:27,351,03/03/2024,13:36:14
F,34.0,2411650,076,19/04/2024,07:14:00,045,19/04/2024,07:24:31
M,49.0,8486409,342,06/04/2024,10:19:02,605,06/04/2024,10:37:09
M,30.0,8269904,106,17/02/2024,20:06:57,538,17/02/2024,20:33:59
F,42.0,5029137,030,08/03/2024,07:22:56,016,08/03/2024,07:28:08
O,44.0,6155238,060,30/04/2024,18:53:46,177,30/04/2024,18:58:07
M,37.0,7571656,007,21/03/2024,13:07:35,046,21/03/2024,13:34:27
M,22.0,6937403,151,06/01/2024,14:14:29,127,06/01/2024,14:24:15
F,35.0,3495736,181,24/01/2024,18:33:00,596,24/01/2024,18:54:22
M,26.0,5885637,045,12/02/2024,11:52:01,441,12/02/2024,12:26:37
M,32.0,6013460,555,09/02/2024,16:59:48,542,09/02/2024,17:05:35
M,36.0,7435027,243,02/04/2024,08:59:40,200,02/04/2024,09:05:48
F,27.0,2876829,074,07/03/2024,19:52:00,011,07/03/2024,20:07:38
M,37.0,2247773,257,28/02/2024,17:55:33,015,28/02/2024,18:03:01
M,33.0,3807336,477,12/02/2024,09:38:15,220,12/02/2024,09:58:04
M,43.0,2304301,208,18/01/2024,13:30:56,251,18/01/2024,13:39:33
M,38.0,5990767,008,07/04/2024,12:43:15,020,07/04/2024,13:25:39
M,27.0,3757598,353,24/04/2024,14:44:57,352,24/04/2024,14:51:00
M,45.0,4050258,208,15/03/2024,18:10:27,197,15/03/2024,18:24:29
M,22.0,8039364,146,05/04/2024,10:47:55,064,05/04/2024,11:05:37
M,29.0,4162376,354,04/01/2024,11:38:37,421,04/01/2024,12:20:10
M,31.0,5626072,041,20/04/2024,15:59:14,016,20/04/2024,16:20:04
M,26.0,8217432,663,24/01/2024,10:19:57,392,24/01/2024,10:32:51
F,36.0,2730851,260,26/03/2024,07:50:41,087,26/03/2024,07:58:32
M,22.0,7590961,270,17/04/2024,11:40:47,271-272,17/04/2024,11:44:39
F,31.0,4785853,016,17/03/2024,11:28:04,237-238,17/03/2024,11:51:25
M,27.0,5406632,041,30/03/2024,23:19:07,168,30/03/2024,23:55:22
F,35.0,7292980,206,11/04/2024,16:03:09,129,11/04/2024,16:28:53
F,49.0,2898237,104,07/03/2024,15:31:02,107-108,07/03/2024,15:38:49
F,45.0,3532256,059,23/02/2024,11:38:04,145,23/02/2024,11:43:59
F,40.0,7411499,581,19/02/2024,07:53:11,266-267,19/02/2024,08:23:29
M,44.0,6136634,679,25/02/2024,10:57:15,637,25/02/2024,11:31:40
M,25.0,2755221,192-193,10/02/2024,19:28:27,449,10/02/2024,19:51:39
M,31.0,5877394,599,21/02/2024,18:34:41,173,21/02/2024,18:59:46
F,52.0,3326212,459,15/03/2024,13:40:03,027,15/03/2024,14:06:00
M,52.0,6852750,389,11/01/2024,12:44:06,385,11/01/2024,12:48:16
M,35.0,7771306,033,24/01/2024,18:47:34,116,24/01/2024,18:53:38
F,29.0,7627094,594,10/01/2024,19:14:34,601,10/01/2024,19:21:33
F,22.0,4965380,474,21/02/2024,16:18:19,465,21/02/2024,16:33:08
M,50.0,7091465,210,13/04/2024,11:25:04,237-238,13/04/2024,11:53:42
M,45.0,2421378,192-193,31/01/2024,14:26:54,037,31/01/2024,14:37:15
M,25.0,5882782,014,10/01/2024,15:00:33,025,10/01/2024,15:05:19
F,37.0,8974875,253,14/01/2024,12:54:09,029,14/01/2024,13:28:23
M,29.0,2484426,061,20/01/2024,15:46:23,058,20/01/2024,15:48:57
F,28.0,4740635,218,09/01/2024,18:44:20,271-272,09/01/2024,19:12:01
O,25.0,3556156,192-193,14/04/2024,19:24:57,035,14/04/2024,19:47:52
F,54.0,7539596,499,26/04/2024,15:05:27,091,26/04/2024,15:42:37
F,22.0,8369092,373,29/02/2024,08:25:32,359,29/02/2024,08:30:04
F,27.0,2242238,365,18/01/2024,07:32:04,306,18/01/2024,07:42:52
M,30.0,4944666,154,09/02/2024,13:46:17,302,09/02/2024,13:50:56
M,48.0,4595591,390-391,03/04/2024,13:49:58,668,03/04/2024,14:20:19
F,21.0,2825875,698,30/03/2024,14:48:01,699,30/03/2024,14:51:57
M,35.0,8486409,576,14/03/2024,13:29:15,157,14/03/2024,13:41:49
M,40.0,2360030,093,28/02/2024,12:45:01,107-108,28/02/2024,13:02:25
F,44.0,3585791,031,03/04/2024,11:12:45,474,03/04/2024,11:39:15
M,48.0,2737476,679,01/02/2024,21:27:49,301,01/02/2024,21:42:52
M,39.0,6207591,127,08/03/2024,13:44:43,072,08/03/2024,14:07:37
M,28.0,7682438,341,02/02/2024,11:17:57,117,02/02/2024,11:37:13
F,61.0,3402831,010,26/02/2024,12:52:38,019,26/02/2024,12:57:54
M,27.0,5365366,268-269,07/03/2024,07:50:57,024,07/03/2024,08:06:14
M,19.0,4687034,098,10/02/2024,00:25:58,561,10/02/2024,00:30:02
M,37.0,6352850,583,12/01/2024,11:37:00,557,12/01/2024,11:45:09
M,38.0,7948821,197,23/04/2024,07:32:31,241,23/04/2024,07:34:45
M,30.0,3594181,154,06/02/2024,16:14:30,035,06/02/2024,16:23:12
M,33.0,8527731,021,04/02/2024,06:49:41,024,04/02/2024,06:52:01
F,24.0,3380250,546,12/04/2024,13:13:04,499,12/04/2024,13:20:47
F,24.0,7014756,023,12/01/2024,19:44:14,027,12/01/2024,19:54:07
M,33.0,8624090,182,09/01/2024,08:44:35,135,09/01/2024,09:03:31
M,28.0,2656817,597,28/01/2024,23:31:02,613,28/01/2024,23:36:38
M,30.0,8928392,405,01/03/2024,16:37:03,280,01/03/2024,16:56:56
M,27.0,5210901,139,05/03/2024,15:58:21,064,05/03/2024,16:02:47
M,30.0,3703261,247,09/02/2024,14:43:16,137,09/02/2024,15:02:26
M,36.0,8071086,095,18/03/2024,18:45:18,619,18/03/2024,19:11:32
M,26.0,7661002,483,05/01/2024,17:57:01,496,05/01/2024,18:06:09
F,27.0,4319984,555,17/01/2024,21:01:51,545,17/01/2024,21:10:34
M,27.0,3049277,065,20/02/2024,06:48:58,473,20/02/2024,07:10:58
F,44.0,7610942,025,11/03/2024,22:04:19,263,11/03/2024,22:16:55
F,32.0,4908752,237-238,23/01/2024,18:34:44,030,23/01/2024,18:51:18
M,24.0,2486066,572,07/03/2024,12:09:42,092,07/03/2024,12:24:01
M,25.0,8077943,064,24/02/2024,20:48:57,144,24/02/2024,21:07:09
F,56.0,7185598,070,12/03/2024,19:15:50,069,12/03/2024,19:35:28
M,27.0,4415097,088,19/01/2024,19:49:36,544,19/01/2024,20:27:48
F,42.0,2786382,474,16/04/2024,18:10:31,212,16/04/2024,18:19:51
M,27.0,8551889,389,18/02/2024,19:35:07,033,18/02/2024,19:57:03
M,39.0,2775435,161,23/02/2024,11:02:52,143,23/02/2024,11:11:56
F,37.0,5038666,165,26/01/2024,09:05:00,147,26/01/2024,09:11:49
M,30.0,3399052,463,03/03/2024,12:50:26,490,03/03/2024,13:13:29
M,33.0,3938982,120,23/02/2024,21:00:17,118,23/02/2024,21:09:40
M,31.0,5421706,476,23/03/2024,16:37:37,054,23/03/2024,16:50:30
M,36.0,3932290,598,30/01/2024,15:35:44,110,30/01/2024,15:51:09
M,27.0,8957326,390-391,17/04/2024,20:18:37,656,17/04/2024,20:34:13
F,30.0,3302387,250,21/03/2024,10:19:25,261,21/03/2024,10:31:49
F,55.0,3262128,195,05/04/2024,17:51:36,013,05/04/2024,18:00:17
M,43.0,8076028,149,06/02/2024,08:37:31,037,06/02/2024,08:51:00
M,24.0,6803506,237-238,04/01/2024,07:47:09,227,04/01/2024,07:55:03
F,34.0,6390397,584,24/04/2024,20:29:08,590,24/04/2024,20:35:41
M,21.0,2386373,117,19/04/2024,14:50:39,134,19/04/2024,14:58:10
F,25.0,7509037,211,27/04/2024,07:26:17,469,27/04/2024,07:40:26
M,44.0,4521845,031,18/03/2024,21:32:14,116,18/03/2024,21:36:09
F,56.0,2480408,165,01/03/2024,22:28:10,178,01/03/2024,23:15:45
M,41.0,5098314,086,01/03/2024,21:00:12,581,01/03/2024,21:25:34
F,31.0,2652121,072,25/03/2024,19:47:17,137,25/03/2024,20:01:51
M,39.0,3349933,547,03/04/2024,10:04:44,004,03/04/2024,10:22:09
M,26.0,8934614,327,12/03/2024,20:48:22,352,12/03/2024,20:56:16
M,36.0,2913051,119,28/03/2024,16:50:05,096,28/03/2024,16:59:42
M,23.0,8286155,278,28/02/2024,13:17:50,357,28/02/2024,13:27:13
F,29.0,6917256,486,27/03/2024,14:26:47,035,27/03/2024,15:05:32
F,41.0,5151030,157,09/02/2024,15:37:15,156,09/02/2024,15:42:12
M,64.0,2166619,070,13/04/2024,11:08:39,069,13/04/2024,11:51:13
M,27.0,3572781,112,14/04/2024,13:06:47,093,14/04/2024,13:41:24
M,31.0,6050173,421,23/02/2024,19:45:34,396,23/02/2024,19:53:15
M,35.0,2401123,041,24/04/2024,20:01:33,133,24/04/2024,20:10:59
M,21.0,3572799,170,19/02/2024,08:53:55,304,19/02/2024,09:08:19
M,33.0,8875494,283,30/04/2024,10:35:32,130,30/04/2024,10:53:21
M,28.0,7835457,058,09/03/2024,09:38:31,071,09/03/2024,09:42:04
M,28.0,2307486,217,29/02/2024,13:27:47,252,29/02/2024,13:35:25
M,34.0,8813628,237-238,19/02/2024,08:03:52,227,19/02/2024,08:10:50
M,51.0,7019730,627,01/03/2024,19:15:44,357,01/03/2024,19:24:49
M,25.0,3997772,299,12/02/2024,19:12:43,570,12/02/2024,19:39:49
F,43.0,4589677,621,04/02/2024,23:41:23,618,04/02/2024,23:48:23
F,28.0,5436720,686,13/02/2024,15:39:46,690,13/02/2024,15:50:16
M,34.0,6013254,390-391,02/04/2024,07:58:08,420,02/04/2024,08:00:35
M,68.0,4038691,154,25/01/2024,12:17:13,543,25/01/2024,13:00:18
M,45.0,7069198,116,24/03/2024,08:55:45,114,24/03/2024,08:59:02
M,35.0,5272562,467,20/03/2024,08:19:29,474,20/03/2024,08:25:42
F,25.0,5684204,111,05/04/2024,19:23:18,271-272,05/04/2024,19:35:53
M,24.0,8527699,584,30/04/2024,21:31:40,587,30/04/2024,21:35:01
M,28.0,5497367,226,08/03/2024,07:46:12,219,08/03/2024,08:08:01
M,25.0,2569127,052,12/01/2024,16:49:04,120,12/01/2024,17:04:53
M,33.0,6147276,339,04/01/2024,09:59:33,038,04/01/2024,10:15:57
M,40.0,8256323,672,20/03/2024,07:59:48,674,20/03/2024,08:04:11
M,20.0,8609505,154,04/03/2024,07:38:55,056,04/03/2024,07:45:26
M,27.0,5713474,564,22/04/2024,09:07:46,334,22/04/2024,09:31:34
M,37.0,8943680,447,18/04/2024,12:03:06,038,18/04/2024,12:05:59
M,30.0,5708128,494,27/01/2024,21:19:17,092,27/01/2024,21:39:37
F,29.0,6582852,152,13/01/2024,14:01:24,007,13/01/2024,14:15:37
M,63.0,7948078,010,10/04/2024,21:18:55,020,10/04/2024,21:24:07
F,22.0,5059043,286,15/04/2024,08:35:16,258,15/04/2024,08:46:51
F,33.0,6788194,259,09/04/2024,10:26:24,138,09/04/2024,10:39:06
F,32.0,2224293,356,14/04/2024,14:18:34,436,14/04/2024,14:33:19
M,34.0,5130265,074,27/02/2024,14:31:33,074,27/02/2024,14:50:57
M,29.0,2692713,295,06/01/2024,17:30:50,129,06/01/2024,17:43:46
M,37.0,6963979,596,01/03/2024,08:51:27,093,01/03/2024,09:19:39
M,47.0,3950847,463,28/03/2024,16:07:06,048,28/03/2024,16:50:37
M,39.0,7355308,203,19/04/2024,15:19:28,224,19/04/2024,15:27:47
M,26.0,8450405,340,25/01/2024,16:18:46,334,25/01/2024,16:30:50
F,26.0,8758492,284,18/04/2024,17:37:06,304,18/04/2024,17:40:44
M,54.0,3009974,264-275,15/03/2024,14:17:22,085,15/03/2024,14:52:30
M,25.0,7756646,134,01/03/2024,20:50:19,485,01/03/2024,21:03:38
M,32.0,6986632,130,25/03/2024,18:17:43,354,25/03/2024,18:39:20
M,26.0,8437683,061,31/03/2024,13:56:47,324,31/03/2024,14:21:34
M,38.0,2748218,705,06/04/2024,10:50:07,692,06/04/2024,10:56:41
M,26.0,7423445,397,15/01/2024,08:11:19,399,15/01/2024,08:13:00
M,29.0,3048493,339,22/01/2024,13:04:34,136,22/01/2024,13:18:56
M,27.0,3679123,014,25/03/2024,08:14:01,220,25/03/2024,08:35:55
M,34.0,7762511,115,24/02/2024,19:52:06,029,24/02/2024,20:01:12
M,62.0,6419618,319,25/01/2024,09:09:41,301,25/01/2024,09:16:03
M,31.0,4151635,214,20/03/2024,18:01:11,212,20/03/2024,18:09:43
M,61.0,3625464,660,22/02/2024,17:37:00,678,22/02/2024,17:54:43
M,33.0,8406886,551,28/03/2024,11:56:59,273-274,28/03/2024,12:05:58
M,34.0,8454787,323,06/02/2024,17:03:34,356,06/02/2024,17:09:47
F,26.0,6656284,019,11/04/2024,20:02:33,237-238,11/04/2024,20:16:48
F,35.0,8211708,053,14/01/2024,18:15:27,068,14/01/2024,18:22:01
M,30.0,7768179,393,06/03/2024,13:20:00,373,06/03/2024,13:26:06
F,24.0,6617054,201,12/03/2024,17:23:23,231,12/03/2024,17:34:16
F,29.0,7609415,061,23/04/2024,12:25:04,050,23/04/2024,12:28:47
M,36.0,2373686,369,31/01/2024,13:23:02,373,31/01/2024,13:30:08
M,27.0,4771713,032,27/03/2024,08:41:40,029,27/03/2024,08:52:49
F,31.0,3080900,067,26/03/2024,18:50:35,050,26/03/2024,18:54:47
M,31.0,4729000,466,13/02/2024,08:08:23,243,13/02/2024,08:11:28
M,28.0,6029771,271-272,13/03/2024,11:00:06,048,13/03/2024,11:07:57
M,31.0,8632291,497,16/01/2024,08:38:07,497,16/01/2024,08:49:05
F,21.0,5735162,263,15/04/2024,19:54:25,041,15/04/2024,20:02:22
F,24.0,5578638,018,27/03/2024,20:15:08,560,27/03/2024,20:26:04
F,24.0,4884821,042,28/02/2024,07:19:15,038,28/02/2024,07:21:58
F,30.0,3522273,584,12/02/2024,08:12:31,582,12/02/2024,08:18:37
M,32.0,7627540,169,26/04/2024,20:01:01,310,26/04/2024,20:10:54
F,30.0,5289681,571,30/04/2024,08:57:04,046,30/04/2024,09:19:09
M,41.0,5474614,545,10/04/2024,15:50:58,024,10/04/2024,16:04:30
M,30.0,4695755,247,20/03/2024,08:27:28,110,20/03/2024,08:59:51
M,41.0,7842370,144,12/04/2024,19:00:51,142,12/04/2024,19:09:13
M,31.0,6424329,024,11/02/2024,12:00:04,041,11/02/2024,12:40:11
M,32.0,8077828,016,13/01/2024,08:57:06,469,13/01/2024,09:05:55
M,29.0,4101788,042,13/03/2024,21:20:53,042,13/03/2024,21:58:58
M,68.0,2113140,010,15/01/2024,06:45:53,028,15/01/2024,07:07:03
F,28.0,5873153,079,20/04/2024,16:31:12,358,20/04/2024,16:49:29
M,59.0,7365810,276,07/04/2024,21:58:56,321,07/04/2024,22:06:22
F,51.0,3231164,670,16/01/2024,13:50:34,667,16/01/2024,14:30:22
M,57.0,6115828,555,30/04/2024,21:55:19,551,30/04/2024,22:01:52
M,37.0,2794444,030,09/02/2024,22:21:02,036,09/02/2024,22:30:05
M,31.0,8079634,339,16/01/2024,13:08:43,300,16/01/2024,13:16:35
F,54.0,7626096,109,05/01/2024,15:57:59,155,05/01/2024,16:23:35
F,27.0,5432000,020,15/03/2024,09:59:58,014,15/03/2024,10:18:53
M,27.0,3420288,492,05/04/2024,09:34:19,225,05/04/2024,09:48:23
F,31.0,4584165,139,18/02/2024,19:30:13,070,18/02/2024,19:40:15
M,23.0,8230195,088,22/02/2024,12:54:25,088,22/02/2024,13:19:49
F,27.0,8003600,584,16/01/2024,07:53:55,180,16/01/2024,08:06:42
M,27.0,7998396,271-272,14/03/2024,06:57:34,018,14/03/2024,07:05:27
M,35.0,3906443,538,11/03/2024,12:14:02,548,11/03/2024,12:20:28
O,40.0,4124012,013,21/04/2024,10:50:36,041,21/04/2024,11:08:00
M,27.0,2206720,271-272,30/04/2024,10:34:47,017,30/04/2024,10:43:50
M,48.0,4660502,395,06/03/2024,21:18:17,628,06/03/2024,21:27:58
F,24.0,6647994,327,25/04/2024,18:30:56,351,25/04/2024,18:42:31
F,35.0,2497469,384,22/03/2024,09:35:08,363,22/03/2024,09:38:20
M,59.0,3425147,546,16/03/2024,12:28:34,091,16/03/2024,12:51:15
M,47.0,4861860,172,02/03/2024,21:40:35,075,02/03/2024,21:48:38
M,33.0,4861167,055,23/02/2024,18:53:11,018,23/02/2024,19:12:21
M,51.0,3239696,273-274,28/02/2024,07:25:27,303,28/02/2024,07:57:26
M,34.0,6814958,113,09/02/2024,14:21:52,187,09/02/2024,14:41:34
F,27.0,8765893,048,11/01/2024,14:06:37,563,11/01/2024,14:16:56
F,26.0,8837569,107-108,31/01/2024,19:21:54,027,31/01/2024,19:31:40
O,29.0,5993365,040,20/04/2024,14:51:11,042,20/04/2024,14:54:20
M,22.0,5402102,078,26/02/2024,10:42:34,066,26/02/2024,10:45:43
M,34.0,8888869,111,07/04/2024,18:57:31,030,07/04/2024,19:07:44
F,26.0,6830822,576,25/03/2024,07:20:57,627,25/03/2024,07:39:21
F,50.0,7315088,442,10/03/2024,16:26:01,659,10/03/2024,16:50:54
