station_id,balance_ratio,num_bikes_available,num_docks_available,external_id,name,short_name,lat,lon,rental_methods,capacity,electric_bike_surcharge_waiver,is_charging,eightd_has_key_dispenser,has_kiosk,lat_grid,lon_grid
8,0.18595480277819187,5.685567010309279,23.992268041237114,ec55e597-c8fc-4e86-bcfe-b0e81a494790,CE-443 Bruno Traven-Golondrinas,443,19.359583,-99.162085,"['KEY', 'CREDITCARD']",31,False,False,False,True,19.35,-99.17
9,0.1954787517875819,4.451030927835052,17.24742268041237,a98c7fac-12ce-4895-923b-6b39f04721ca,CE-423 Moras-José María Rico (Eje 8),423,19.367816,-99.175269,"['KEY', 'CREDITCARD']",23,False,False,False,True,19.36,-99.18
10,0.18148806949430515,4.012886597938144,17.27577319587629,ae1c2b82-7148-41c2-acd1-d9280241f87e,CE-438 Adolfo Prieto-José María Olloqui,438,19.36473,-99.174447,"['KEY', 'CREDITCARD']",23,False,False,False,True,19.36,-99.18
11,0.105986430522513,2.8402061855670104,23.461340206185568,f6484d2e-8282-41e6-a023-1afb53dae580,CE-415 San Francisco-Parroquia,415,19.37099,-99.176135,"['KEY', 'CREDITCARD']",27,False,False,False,True,19.37,-99.18
12,0.15118174875906834,4.033505154639175,21.561855670103093,90714c5e-7256-4744-a55d-9370f26d89bd,CE-417 Goya-Augusto Rodin,417,19.373198,-99.184274,"['KEY', 'CREDITCARD']",27,False,False,False,True,19.37,-99.19
16,0.13621131147352575,3.518041237113402,21.311855670103093,d821ac72-6eb9-47ba-8e9d-b288db2d99d1,CE-405 División Del Norte-Municipio Libre,405,19.370565558464016,-99.15662247688942,"['KEY', 'CREDITCARD']",27,False,False,False,True,19.37,-99.16
17,0.12499870045105838,2.7809278350515463,18.466494845360824,4f21a08a-24f2-465e-b8f3-5874d064e015,CE-375 Tenayuca-División Del Norte,375,19.376997,-99.158779,"['KEY', 'CREDITCARD']",23,False,False,False,True,19.37,-99.16
18,0.10138441505936957,3.5257731958762886,30.280927835051546,ac88b65c-7622-4b42-84bd-b9c3f36f7d22,CE-394 Dr. Roberto Gayol-Félix Cuevas,394,19.372474,-99.171639,"['KEY', 'CREDITCARD']",35,False,False,False,True,19.37,-99.18
19,0.15844619634795498,2.945876288659794,14.721649484536082,08164fbf-ce81-4db0-9bf3-98845325dfa6,CE-337 San Borja-Martín Mendalde,337,19.384849,-99.16704,"['KEY', 'CREDITCARD']",19,False,False,False,True,19.38,-99.17
20,0.1528067007000364,5.048969072164948,27.329896907216494,8c4eceec-211c-4064-b923-97c71f09b1a7,CE-412 Parroquia-Avenida Universidad,412,19.368107,-99.164376,"['KEY', 'CREDITCARD']",34,False,False,False,True,19.36,-99.17
21,0.1407988769037626,3.1417525773195876,18.211340206185568,616c0715-1a8e-492b-85cb-452f062ca42b,CE-381 San Lorenzo-Manzanas,381,19.3755433811006,-99.17801052342838,"['KEY', 'CREDITCARD']",23,False,False,False,True,19.37,-99.18
26,0.16213441426489206,3.0412371134020617,14.61340206185567,d353123d-74b4-405b-8257-a61eb1d771ee,CE-362 Augusto Rodin-Alberto Balderas,362,19.38212328115473,-99.18109126394484,"['KEY', 'CREDITCARD']",19,False,False,False,True,19.38,-99.19
29,0.16671282333558862,5.108247422680412,25.15721649484536,22226b72-86e9-4fb9-9f0c-38447c7daa97,CE-421 María Luz Bringas-Oso,421,19.36952,-99.179421,"['KEY', 'CREDITCARD']",31,False,False,False,True,19.36,-99.18
33,0.07657209152054513,2.0463917525773194,24.1159793814433,b89266bb-5035-46c6-bec9-b2287ee9b396,CE-434 Jose María Olloqui-Amores,434,19.363698614576656,-99.17118497195588,"['KEY', 'CREDITCARD']",27,False,False,False,True,19.36,-99.18
34,0.15339573159703382,2.8943298969072164,15.175257731958762,df9f2e23-6015-45e3-be47-9681ee56bcb6,CE-439 Amores-Avenida Coyoacán,439,19.362037,-99.172683,"['KEY', 'CREDITCARD']",19,False,False,False,True,19.36,-99.18
37,0.17840261748312503,5.422680412371134,23.49742268041237,eac91559-8b08-4a23-8a13-b3a5cbc3397f,CE-374 Pitágoras-Pilares,374,19.376959,-99.161099,"['KEY', 'CREDITCARD']",31,False,False,False,True,19.37,-99.17
38,0.22386395429873693,4.801546391752577,15.24742268041237,fbf45c04-d7b3-42e6-921a-6ba289aaee72,CE-384 Empresa-Poussin,384,19.375865,-99.185573,"['KEY', 'CREDITCARD']",23,False,False,False,True,19.37,-99.19
39,0.23154960121143775,4.265463917525773,12.935567010309278,7bb63b63-4288-4f6d-99e0-34c7f805f315,CE-348 Indiana-Avenida San Antonio,348,19.3854574,-99.1782718,"['KEY', 'CREDITCARD']",19,False,False,False,True,19.38,-99.18
41,0.1607181664891212,3.6778350515463916,18.567010309278352,ad09be68-706a-477f-8860-fa91a86420d1,CE-353 Carolina-Holbein,353,19.3823345657493,-99.17888358246272,"['KEY', 'CREDITCARD']",23,False,False,False,True,19.38,-99.18
42,0.13185778018930486,2.4536082474226806,15.092783505154639,6546cc34-2240-4073-8d41-0db07cfdecde,CE-387 Cadiz-Empresa,387,19.374267,-99.180546,"['KEY', 'CREDITCARD']",19,False,False,False,True,19.37,-99.19
43,0.12646775114458877,2.38659793814433,15.688144329896907,807e7b74-3786-4f1d-8aad-73e222ec9aee,CE-367 Boston -Augusto Rodin,367,19.379593,-99.181351,"['KEY', 'CREDITCARD']",19,False,False,False,True,19.37,-99.19
44,0.1231907710313122,5.592783505154639,38.8041237113402,b45f855c-06ab-4564-b52b-90b8d1fcea9e,CE-390-391 Oso-Félix Cuevas,390-391,19.373161,-99.178243,"['KEY', 'CREDITCARD']",47,False,False,False,True,19.37,-99.18
46,0.15006808142795436,4.56701030927835,25.064432989690722,0e0b8cec-c253-4edc-b46b-86030e5ce26d,CE-370 Tlacoquemécatl-Av. Insurgentes,370,19.378827,-99.176944,"['KEY', 'CREDITCARD']",31,False,False,False,True,19.37,-99.18
47,0.23159372750363338,5.177835051546392,16.4819587628866,f60886eb-abc3-419f-93ad-a3486fb1d1df,CE-354 Boston-Av. Insurgentes,354,19.381714,-99.176664,"['KEY', 'CREDITCARD']",23,False,False,False,True,19.38,-99.18
48,0.17774943195158346,4.002577319587629,17.489690721649485,8b8595c4-4b99-47c9-b9cb-18798af3aba7,CE-333 Georgia-Carolina,333,19.387624,-99.180978,"['KEY', 'CREDITCARD']",23,False,False,False,True,19.38,-99.19
51,0.13676109495697125,3.615979381443299,21.644329896907216,1aba47b5-d46a-458c-94cf-684cf9e264fc,CE-414 Parroquia-José Ignacio Bartolache,414,19.37021383558753,-99.17385498530166,"['KEY', 'CREDITCARD']",27,False,False,False,True,19.37,-99.18
52,0.21641293818370833,7.546391752577319,26.007731958762886,de6d1b56-740c-49b8-8108-9fdc96b3e5be,CE-432 Carrillo Puerto-Avenida México-Coyoacan,432,19.361245,-99.16239,"['KEY', 'CREDITCARD']",35,False,False,False,True,19.36,-99.17
56,0.1077414752217663,3.7422680412371134,29.88144329896907,7304514a-8264-4fb6-aad0-ce2118bedd47,CE-413 Parroquia-Avenida Coyoacán,413,19.369823,-99.172164,"['KEY', 'CREDITCARD']",35,False,False,False,True,19.36,-99.18
57,0.13045515667658206,2.997422680412371,19.22680412371134,5ca28951-6799-4211-a5a8-deb629d685bc,CE-345 Patricio Sanz - Miraflores,345,19.384447,-99.172039,"['KEY', 'CREDITCARD']",23,False,False,False,True,19.38,-99.18
59,0.22970085470085472,6.118556701030927,20.105670103092784,4e82c891-1e00-4dec-b9ab-ec81464ffb97,CE-307 Minnesota-Dakota,307,19.393711808925048,-99.17581468826027,"['KEY', 'CREDITCARD']",27,False,False,False,True,19.39,-99.18
60,0.170257291391312,4.554123711340206,21.45360824742268,6eeb8ffb-d232-488a-bf54-6c654853ebca,CE-361 Porfirio Díaz-Capulín,361,19.380691,-99.175036,"['KEY', 'CREDITCARD']",27,False,False,False,True,19.38,-99.18
61,0.1819782552196136,6.324742268041237,27.587628865979383,d01f4057-adb8-4d30-9053-a1ad6104338f,CE-393 Adolfo Prieto-Félix Cuevas,393,19.373307,-99.172471,"['KEY', 'CREDITCARD']",35,False,False,False,True,19.37,-99.18
63,0.22698942119803248,4.255154639175258,13.108247422680412,cdf47baf-c2cf-404f-b4cf-e468133d1ea2,CE-349 Augusto Rodin-Avenida San Antonio,349,19.385632,-99.180848,"['KEY', 'CREDITCARD']",19,False,False,False,True,19.38,-99.19
64,0.21865035906912333,6.63659793814433,22.88144329896907,d76624f9-ffe5-447a-ac53-f4406a6e3b95,CE-284 Dakota-Vermont,284,19.397693,-99.172981,"['KEY', 'CREDITCARD']",31,False,False,False,True,19.39,-99.18
65,0.12553887672060213,3.814432989690722,25.677835051546392,1bceb889-ddef-4684-8c34-37abf921beb0,CE-308 Nueva York-Arizona,308,19.393643,-99.178156,"['KEY', 'CREDITCARD']",31,False,False,False,True,19.39,-99.18
67,0.16383481675951422,3.7036082474226806,18.04639175257732,b4e673b0-acd6-4c9c-bf8d-d9c1abf182e4,CE-325 Providencia -Avenida Del Valle,325,19.38817793281278,-99.16966706519814,"['KEY', 'CREDITCARD']",23,False,False,False,True,19.38,-99.17
68,0.1897736732115934,4.298969072164948,17.70618556701031,04becea3-e1da-4eac-8e82-ff9089c18a51,CE-327 Georgia -Pensilvania,327,19.38885,-99.17772,"['KEY', 'CREDITCARD']",23,False,False,False,True,19.38,-99.18
69,0.19099053867095103,6.618556701030927,27.84536082474227,f9a7d8f5-a7f5-4eac-8462-9fcf05a5ee7d,CE-335 Magdalena-Ameyalco,335,19.386989,-99.173438,"['KEY', 'CREDITCARD']",35,False,False,False,True,19.38,-99.18
70,0.1771718815940194,3.345360824742268,14.360824742268042,50530ef1-e349-4c8c-9c2c-b266ed8915c4,CE-324 Amores-Avenida Eugenia,324,19.387342,-99.165629,"['KEY', 'CREDITCARD']",19,False,False,False,True,19.38,-99.17
73,0.21407566734774264,4.860824742268041,17.20360824742268,6004a6f9-70ac-4502-bd79-4cf1afd12beb,CE-067 Vicente Suárez - Michoacán,067,19.411813726946605,-99.17595729242748,"['KEY', 'CREDITCARD']",23,False,False,False,True,19.41,-99.18
74,0.21092386994448853,3.0876288659793816,10.458762886597938,0ddcec99-0423-464d-a55a-2d9a31c402f4,CE-343 Enrique Rébsamen-División Del Norte,343,19.38408671628224,-99.16083633910604,"['KEY', 'CREDITCARD']",15,False,False,False,True,19.38,-99.17
77,0.1835738769423677,5.561855670103093,22.77319587628866,b3368279-9b57-4e21-87f5-5282b2e0f20d,CE-341 San Borja-Avenida Cuauhtémoc,341,19.382889,-99.158352,"['KEY', 'CREDITCARD']",31,False,False,False,True,19.38,-99.16
79,0.21242713000480942,7.072164948453608,25.822164948453608,546ac683-bcc0-4e6b-a7c2-c4b78784838d,CE-074 Nuevo León - Ozulama,074,19.410468,-99.172802,"['KEY', 'CREDITCARD']",35,False,False,False,True,19.41,-99.18
84,0.16291672245280492,5.600515463917525,27.853092783505154,3aeeb91f-79e9-4e5f-9a7c-0c24cd804417,CE-071 Amsterdam - Michoacan,071,19.411361,-99.171271,"['KEY', 'CREDITCARD']",35,False,False,False,True,19.41,-99.18
85,0.2053632793323515,3.0463917525773194,11.1159793814433,d4fa55f7-27b7-4b53-9b8f-78fdd931ad2e,CE-083 Alfonso Reyes - Nuevo León,083,19.40655,-99.172275,"['KEY', 'CREDITCARD']",15,False,False,False,True,19.400000000000002,-99.18
87,0.1955056780180916,5.853092783505154,22.353092783505154,06ca6c2d-f674-424c-9ee1-a697e00432da,CE-079 Saltillo - Alfonso Reyes,079,19.407548521979454,-99.17434785516434,"['KEY', 'CREDITCARD']",31,False,False,False,True,19.400000000000002,-99.18
95,0.16304213588532634,6.231958762886598,31.4020618556701,249214a8-d4dd-4900-96f9-2a80a011aa5a,CE-060 Mazatlán - Fernando Montes de Oca,060,19.414099314684798,-99.17715847497676,"['KEY', 'CREDITCARD']",39,False,False,False,True,19.41,-99.18
97,0.2175542365725307,9.652061855670103,33.93556701030928,ae7b23d6-608e-4374-912f-8f2c5660f9b4,CE-070 Parque México - Michoacán,070,19.41128,-99.169825,"['KEY', 'CREDITCARD']",45,False,False,False,True,19.41,-99.17
98,0.19518550449701907,6.646907216494846,24.626288659793815,77cf5164-4cc6-4887-a69b-031880630bfe,CE-125 Morelia-Circular de Morelia,125,19.424197,-99.156127,"['KEY', 'CREDITCARD']",35,False,False,False,True,19.42,-99.16
104,0.22699224897898546,13.00257731958763,40.121134020618555,b76512f0-9000-4800-8eda-83edd1ab21d2,CE-107-108 Tolsa-Balderas,107-108,19.427305,-99.149533,"['KEY', 'CREDITCARD']",59,False,False,False,True,19.42,-99.15
113,0.19591098693451825,5.835051546391752,22.29639175257732,5fb523c2-bc10-40bc-9183-f742cd6cb1c9,CE-003 Reforma - Insurgentes,003,19.43163,-99.158547,"['KEY', 'CREDITCARD']",31,False,False,False,True,19.43,-99.16
147,0.19970713687898745,3.6056701030927836,13.77319587628866,d286decb-ee01-4fb9-bff4-17da6a01427d,CE-228 Campos Elíseos-La Fontaine,228,19.427705,-99.19912,"['KEY', 'CREDITCARD']",19,False,False,False,True,19.42,-99.2
178,0.11207132787029694,2.9587628865979383,23.162371134020617,7e7f4bec-01d0-4a3c-b852-99c9cf456d9f,CE-179 Nuevo León-Quintana Roo,179,19.404435569698265,-99.17138099675866,"['KEY', 'CREDITCARD']",27,False,False,False,True,19.400000000000002,-99.18
187,0.190908790325538,4.144329896907217,16.00257731958763,733982f6-1ee9-41c7-a6e0-1460b4d7733c,CE-175 Mutualismo-José Martí,175,19.400599004903363,-99.17245991533493,"['KEY', 'CREDITCARD']",23,False,False,False,True,19.400000000000002,-99.18
188,0.18979493407057163,3.9304123711340204,15.878865979381443,2c6c91cf-8c3d-4591-8ad7-f7fdc7f7e5a4,CE-148 Coahuila-Av. Cuauhtémoc,148,19.412829,-99.155116,"['KEY', 'CREDITCARD']",21,False,False,False,True,19.41,-99.16
189,0.21185309898964105,3.9587628865979383,13.822164948453608,9cea9a1f-8f20-4eb0-909f-cf4332c27001,CE-177 Benjamín Hill - Carlos Zetina,177,19.408841,-99.181692,"['KEY', 'CREDITCARD']",19,False,False,False,True,19.400000000000002,-99.19
195,0.22290128351984023,5.819587628865979,18.201030927835053,56e34212-7703-45f6-8a08-ba24644f38ed,CE-180 Quintana Roo-Villahermosa,180,19.404554,-99.169953,"['KEY', 'CREDITCARD']",27,False,False,False,True,19.400000000000002,-99.17
199,0.1383627285262746,4.747422680412371,28.662371134020617,6f36d8e7-b28f-4430-992a-9d1815fb5652,CE-152 Tlacotalpan-Campeche,152,19.409098,-99.167181,"['KEY', 'CREDITCARD']",35,False,False,False,True,19.400000000000002,-99.17
205,0.2042893961708395,5.984536082474227,21.917525773195877,f1824de8-fc68-4521-89ab-b32549d82f03,CE-157 Tepic-Tlacotalpan,157,19.406236,-99.166616,"['KEY', 'CREDITCARD']",30,False,False,False,True,19.400000000000002,-99.17
206,0.2266682820806532,6.074742268041237,20.280927835051546,f1aa8864-8f10-456d-a670-eac99fb9dcf8,CE-456 Alpes-Montes Escandinavos,456,19.427517,-99.208412,"['KEY', 'CREDITCARD']",27,False,False,False,True,19.42,-99.21000000000001
208,0.16511585304224782,2.7757731958762886,13.417525773195877,81e4064e-23fe-41e9-a0d2-77138d975a06,CE-457 Av. Prado Norte-Explanada,457,19.42703,-99.212845,"['KEY', 'CREDITCARD']",17,False,False,False,True,19.42,-99.22
209,0.18953849400132633,3.5618556701030926,14.18041237113402,0b7e9105-db90-4299-9749-1325ec8d792f,CE-283 Av. Coyoacán-Rafael Dondé,283,19.397923,-99.167248,"['KEY', 'CREDITCARD']",19,False,False,False,True,19.39,-99.17
210,0.21927337674082112,4.481958762886598,14.992268041237113,60300e6b-de2e-4dd4-a78b-6140ade32ae6,CE-294 Nicolás San Juan-Eje 4 Sur Xola,294,19.39644167553825,-99.16090227668974,"['KEY', 'CREDITCARD']",21,False,False,False,True,19.39,-99.17
216,0.18915851616882545,5.030927835051546,20.059278350515463,85ac1483-f82c-480d-96c6-79d70aabed25,CE-322 Heriberto Frías-Concepción Beistegui,322,19.388456876549792,-99.16064277296752,"['KEY', 'CREDITCARD']",27,False,False,False,True,19.38,-99.17
220,0.14402937940589217,3.283505154639175,18.38917525773196,3c179e0f-4408-4e0c-9c28-96b72ae18434,CE-339 Enrique Rébsamen-Avenida Eugenia,339,19.386212,-99.160583,"['KEY', 'CREDITCARD']",23,False,False,False,True,19.38,-99.17
262,0.18772123252814144,6.126288659793815,24.716494845360824,529a5727-9aab-4db5-ac67-93bd56881a71,CE-075 Alfonso Reyes - Atlixco,075,19.40874068723484,-99.17677424853537,"['KEY', 'CREDITCARD']",33,False,False,False,True,19.400000000000002,-99.18
264,0.1741260335308353,5.896907216494846,26.811855670103093,e2e1d6b1-2af7-41d9-bde1-2d5bca7000b2,CE-080 Nuevo León - Aguascalientes,080,19.407239898913133,-99.17207747708744,"['KEY', 'CREDITCARD']",35,False,False,False,True,19.400000000000002,-99.18
290,0.1874328228473513,6.043814432989691,25.149484536082475,90bbf53e-6cbb-4024-924c-4168f9f43350,CE-258 Circuito Interior-Juan Escutia,258,19.4165298,-99.1790435,"['KEY', 'CREDITCARD']",33,False,False,False,True,19.41,-99.18
325,0.20271072044018504,6.548969072164948,25.105670103092784,c3d7cb11-dd29-4584-82a4-78acd1335a6c,CE-668 Plateros - Capuchinas,668,19.367522,-99.181727,"['KEY', 'CREDITCARD']",33,False,False,False,True,19.36,-99.19
357,0.21548357767777032,3.9149484536082473,12.93041237113402,c2367eef-9e99-4cb8-b03a-70e0d3f5697c,CE-286 13 de Septiembre-Avenida Patriotismo,286,19.399201,-99.179943,"['KEY', 'CREDITCARD']",19,False,False,False,True,19.39,-99.18
358,0.23012921034542017,4.731958762886598,14.70103092783505,bcf73a97-ee17-4cdc-966e-f94b71056f97,CE-160 Alfonso Herrera-Gabino Barreda,160,19.440252,-99.163455,"['KEY', 'CREDITCARD']",23,False,False,False,True,19.44,-99.17
360,0.23158184263069967,5.301546391752577,17.172680412371133,86a57766-f2e0-40a8-b802-833ce0ac25c0,CE-659  Madrid - Avenida Mexico,659,19.3564861,-99.1694556,"['KEY', 'CREDITCARD']",23,False,False,False,True,19.35,-99.17
364,0.14171219196992393,3.806701030927835,22.45876288659794,0c01f47e-1b39-473a-8d34-1fdb171203d8,CE-660 Josefa Ortiz de Dominguez - Circuito Interior,660,19.3580028,-99.1701056,"['KEY', 'CREDITCARD']",27,False,False,False,True,19.35,-99.18
367,0.20733053965456547,6.884020618556701,23.11082474226804,cb950db6-b554-4057-8881-52f2690d87b5,CE-154 Tuxpan-Tlaxcala,154,19.406683,-99.167962,"['KEY', 'CREDITCARD']",35,False,False,False,True,19.400000000000002,-99.17
368,0.21165051298146315,3.922680412371134,14.09020618556701,8cf37f8f-8ffb-423b-84f2-0044b847b802,CE-658 Vicente Guerrero - Berlín,658,19.355339,-99.165613,"['KEY', 'CREDITCARD']",19,False,False,False,True,19.35,-99.17
371,0.19612077747443055,4.435567010309279,16.185567010309278,d8e47419-0614-44dd-b4d8-b84e511cf53e,CE-153 Manzanillo-Tlaxcala,153,19.407468,-99.165141,"['KEY', 'CREDITCARD']",23,False,False,False,True,19.400000000000002,-99.17
380,0.18823683435967417,5.760309278350515,23.70360824742268,092df6a4-9860-482d-98d3-1114eb25541a,CE-309 Pensilvania-Arizona,309,19.393059,-99.179483,"['KEY', 'CREDITCARD']",31,False,False,False,True,19.39,-99.18
382,0.21854480570975418,5.721649484536083,17.641752577319586,51d4dfe4-5046-452e-b0d5-65f2197c7e0c,CE-331 Avenida 2-Calle 17,331,19.388748,-99.183924,"['KEY', 'CREDITCARD']",27,False,False,False,True,19.38,-99.19
383,0.14108257524997775,4.335051546391752,25.1159793814433,e6b39d7f-f038-4722-9fa9-f83623b7cb17,CE-279 La Morena-Providencia,279,19.399908,-99.166553,"['KEY', 'CREDITCARD']",31,False,False,False,True,19.39,-99.17
385,0.1684663023461342,5.713917525773196,27.528350515463917,3688fa8d-f229-4a06-b0f1-c20c529f04d4,CE-291 Magdalena-División Del Norte,291,19.397651,-99.169946,"['KEY', 'CREDITCARD']",35,False,False,False,True,19.39,-99.17
388,0.20257137942896455,3.731958762886598,13.99742268041237,427f49bd-33a5-44cb-b3d3-5888d1dfd1ba,CE-314 Nueva York-Louisiana,314,19.391647,-99.177331,"['KEY', 'CREDITCARD']",19,False,False,False,True,19.39,-99.18
390,0.18068790936058976,4.788659793814433,20.11082474226804,d225be26-b802-478c-a554-26fb81eb6bb3,CE-319 Diagonal San Antonio-Luz Saviñón,319,19.391991,-99.162684,"['KEY', 'CREDITCARD']",27,False,False,False,True,19.39,-99.17
394,0.16305366529481277,3.693298969072165,18.52577319587629,6e349502-64b2-430e-a450-02978bc29eba,CE-336 San Borja-Cda. Dr. J. Bartolache,336,19.385531,-99.169673,"['KEY', 'CREDITCARD']",23,False,False,False,True,19.38,-99.17
396,0.19820626633770963,5.193298969072165,18.878865979381445,df7943fd-044b-444f-a194-c0de2ff4c3ba,CE-323 Concepción Beistegui-Gabriel Mancera,323,19.38898631224684,-99.1632449628014,"['KEY', 'CREDITCARD']",27,False,False,False,True,19.38,-99.17
397,0.22346779775609632,6.719072164948454,21.422680412371133,aaaf8252-bc8d-404d-822b-4be392cd9355,CE-340 Anaxágoras-Avenida Eugenia,340,19.385625037771156,-99.15819257503244,"['KEY', 'CREDITCARD']",31,False,False,False,True,19.38,-99.16
398,0.22680340517837513,4.760309278350515,15.481958762886597,4b0dde53-17f0-4f69-8e6e-b6307128f1df,CE-669 Los Juarez - Sagredo,669,19.37076863433144,-99.1873613745247,"['KEY', 'CREDITCARD']",23,False,False,False,True,19.37,-99.19
400,0.16141277738836868,5.525773195876289,27.510309278350515,dfbe8ba8-0929-4d9a-a6f8-da629326aa7d,CE-317 Avenida Coyoacán-Torres Adalid,317,19.391456,-99.166157,"['KEY', 'CREDITCARD']",35,False,False,False,True,19.39,-99.17
401,0.18019164684113137,4.77319587628866,20.353092783505154,90c21ab7-72c7-43d5-a957-90d7d3cf9add,CE-299 Romero de Terreros-Mier Y Pesado,299,19.394601,-99.165054,"['KEY', 'CREDITCARD']",27,False,False,False,True,19.39,-99.17
405,0.1835259013839705,5.587628865979381,23.489690721649485,56847c99-71ca-44cc-8884-b4be47af3098,CE-352 Tintoreto-Giorgione,352,19.384146,-99.185491,"['KEY', 'CREDITCARD']",31,False,False,False,True,19.38,-99.19
406,0.09436606981370953,1.7706185567010309,16.396907216494846,2a5fa709-bec7-4a36-b721-43758d8731f1,CE-366 Porfirio Díaz-Augusto Rodin,366,19.378423,-99.181891,"['KEY', 'CREDITCARD']",19,False,False,False,True,19.37,-99.19
407,0.19064959538853785,5.853092783505154,24.036082474226806,07e4fca7-239e-4ecf-ae82-ead6d0078456,CE-395 San Lorenzo-Martín Mendalde,395,19.373725,-99.169807,"['KEY', 'CREDITCARD']",31,False,False,False,True,19.37,-99.17
410,0.12406788639419747,2.8530927835051547,19.435567010309278,c4991491-cd32-4d4e-880d-753121bfad24,CE-380 Moras-San Lorenzo,380,19.374756,-99.173539,"['KEY', 'CREDITCARD']",23,False,False,False,True,19.37,-99.18
411,0.15340038099506947,4.025773195876289,21.02061855670103,6bd14a1a-42bb-4b9e-b897-4dcb4b416c44,CE-338 Nicolás San Juan-San Borja,338,19.384242,-99.16326,"['KEY', 'CREDITCARD']",27,False,False,False,True,19.38,-99.17
412,0.2041498580606604,4.657216494845361,17.587628865979383,b1c24253-5486-48a9-8bc5-9da77c947d74,CE-420 María Luz Bringas-Oso,420,19.36967233269665,-99.17958118026944,"['KEY', 'CREDITCARD']",23,False,False,False,True,19.36,-99.18
413,0.16662100723812767,3.0721649484536084,14.141752577319588,a1cface0-4eb8-427d-98d9-8d6bb7ab9803,CE-373 Pilares-Gabriel Mancera,373,19.377932,-99.166594,"['KEY', 'CREDITCARD']",19,False,False,False,True,19.37,-99.17
414,0.11513128910036126,3.097938144329897,23.25,31333604-0c9a-46f8-a8c6-4b7007e8b9d7,CE-416 Recreo-Parroquia,416,19.371279,-99.177623,"['KEY', 'CREDITCARD']",27,False,False,False,True,19.37,-99.18
415,0.1547894314514813,5.881443298969073,29.871134020618555,38a73a9c-7323-4309-9edc-7957f4340b23,CE-386 Poussin-Donatello,386,19.374912,-99.185807,"['KEY', 'CREDITCARD']",39,False,False,False,True,19.37,-99.19
417,0.17740769621840227,5.417525773195877,23.788659793814432,53712f04-0bda-4354-b34e-2ef33c67ef92,CE-342 Pitágoras-Av. División del Norte,342,19.38237,-99.1598779,"['KEY', 'CREDITCARD']",31,False,False,False,True,19.38,-99.16
419,0.1695573853955828,5.798969072164948,27.662371134020617,d304c66f-d5b1-4da9-b5d3-1f4610fdab46,CE-369 Porfirio Díaz-Av. Insurgentes,369,19.379941,-99.177224,"['KEY', 'CREDITCARD']",35,False,False,False,True,19.37,-99.18
420,0.16256351386055196,6.09020618556701,30.45618556701031,4abd59f8-29c0-463a-879c-1b78297413c8,CE-389 Santander-Félix Cuevas,389,19.373438,-99.179531,"['KEY', 'CREDITCARD']",39,False,False,False,True,19.37,-99.18
423,0.1972508591065292,5.878865979381444,22.925257731958762,c7487207-3050-4446-b80f-33699ec75a66,CE-436 Rodríguez Saro-Búfalo,436,19.36623,-99.177904,"['KEY', 'CREDITCARD']",30,False,False,False,True,19.36,-99.18
424,0.21983038153141246,5.809278350515464,20.376288659793815,cd3ef967-35dc-41ba-880a-56550099dfe8,CE-334 Nueva York-Av. Insurgentes,334,19.386530826718293,-99.17510658508034,"['KEY', 'CREDITCARD']",27,False,False,False,True,19.38,-99.18
426,0.11833062036534635,2.231958762886598,16.02577319587629,0b144a7e-825f-4631-98e7-98f4fb57ee9a,CE-422 Búfalo-José María Rico (Eje 8),422,19.368403,-99.177472,"['KEY', 'CREDITCARD']",19,False,False,False,True,19.36,-99.18
427,0.1344154873962135,3.0283505154639174,18.028350515463917,06f897b9-35fd-4673-a78d-7f1d60fec342,CE-363 Holbein-Paulo Ucello,363,19.380839,-99.183932,"['KEY', 'CREDITCARD']",23,False,False,False,True,19.38,-99.19
429,0.2216851704996035,5.677835051546392,19.533505154639176,91e3354c-124e-4f3f-92de-7bb232e1c05a,CE-346 San Francisco-Santa Margarita,346,19.38496594717172,-99.17411729704328,"['KEY', 'CREDITCARD']",26,False,False,False,True,19.38,-99.18
431,0.10667355019103114,2.384020618556701,19.25515463917526,f65d64f0-0fe8-4b25-974e-9e2a1f6479ac,CE-371 Tlacoquemécatl-Capulín,371,19.378546,-99.174297,"['KEY', 'CREDITCARD']",23,False,False,False,True,19.37,-99.18
432,0.15187802914042264,4.600515463917525,24.77061855670103,1bc4f0b4-b963-48cc-91ea-cabe72bf520e,CE-401 San Lorenzo-Avenida Cuauhtémoc,401,19.372101,-99.161501,"['KEY', 'CREDITCARD']",31,False,False,False,True,19.37,-99.17
433,0.21089554775121785,3.056701030927835,10.56701030927835,e66dbeb3-ec5b-4151-8f51-0c95d6648755,CE-356 Matías Romero -Adolfo Prieto,356,19.381287,-99.1702,"['KEY', 'CREDITCARD']",15,False,False,False,True,19.38,-99.18
434,0.12508200965320113,2.3092783505154637,15.6159793814433,f9ff84fb-a078-4a90-b48b-895449e2d638,CE-433 Jose María Olloqui-Lopéz Cotilla,433,19.363548,-99.170766,"['KEY', 'CREDITCARD']",19,False,False,False,True,19.36,-99.18
435,0.21464664489345406,6.445876288659794,22.033505154639176,194c29a7-617a-42f6-9a31-f146ae50ca79,CE-277 Prolongación Tonalá-Obrero Mundial,277,19.401807,-99.15909,"['KEY', 'CREDITCARD']",31,False,False,False,True,19.400000000000002,-99.16
437,0.1171624075539365,3.5257731958762886,25.8479381443299,47fbb08e-cc37-45be-be61-f6236b65b906,CE-404 Miguel Laurent-Avenida División Del Norte,404,19.373833,-99.157433,"['KEY', 'CREDITCARD']",31,False,False,False,True,19.37,-99.16
444,0.2057484777235184,3.904639175257732,14.152061855670103,9bdf03c6-37dc-437d-8a6d-40d7522dd7aa,CE-444 General Manuel Rincón-Agustín Gutierrez,444,19.359475,-99.159437,"['KEY', 'CREDITCARD']",19,False,False,False,True,19.35,-99.16
445,0.2121361732312617,6.551546391752577,23.827319587628867,5357c1ad-4c31-4111-b20a-b3fbd49795da,CE-441 Puente Xoco-Real de Mayorazgo,441,19.36121366007657,-99.16772089901316,"['KEY', 'CREDITCARD']",31,False,False,False,True,19.36,-99.17
448,0.09759115703205928,2.961340206185567,26.438144329896907,07f84f0c-a316-4c54-9503-5ebba1089508,CE-359 Matías Romero -Pestalozzi,359,19.379331,-99.161163,"['KEY', 'CREDITCARD']",31,False,False,False,True,19.37,-99.17
449,0.19066257673216436,4.981958762886598,19.992268041237114,bfc9a5b7-671e-4f43-8933-df225fa920e7,CE-398 Juan Sánchez Azcona-Félix Cuevas,398,19.37104,-99.165653,"['KEY', 'CREDITCARD']",27,False,False,False,True,19.37,-99.17
452,0.1873614910637593,6.420103092783505,27.435567010309278,e12bbf7a-7467-46b5-a5e5-dce40e058b70,CE-326 Eugenia-Nebraska,326,19.388978,-99.174811,"['KEY', 'CREDITCARD']",35,False,False,False,True,19.38,-99.18
454,0.19317317269860973,5.038659793814433,19.81958762886598,ec22e098-2f33-411c-affc-c219340f9a76,CE-402 Uxmal-Municipio Libre,402,19.370934360592926,-99.1587414220112,"['KEY', 'CREDITCARD']",27,False,False,False,True,19.37,-99.16
456,0.2145071609997652,4.899484536082475,15.25,a95e8a34-5c2b-4802-9904-bcabfaa3cdaa,CE-483 Colegio Salesiano - Marina Nacional,483,19.443092,-99.177612,"['KEY', 'CREDITCARD']",23,False,False,False,True,19.44,-99.18
457,0.17027433197312172,3.8195876288659796,17.61082474226804,36921c05-0cca-4053-8ccb-94d2d9debce2,CE-313 Pensilvania-Oklahoma,313,19.391431,-99.178989,"['KEY', 'CREDITCARD']",23,False,False,False,True,19.39,-99.18
460,0.22416839995176946,4.190721649484536,13.6159793814433,527d11c6-d653-4003-b4d7-536238630694,CE-392 Patricio Sanz-Félix Cuevas,392,19.373004,-99.174764,"['KEY', 'CREDITCARD']",19,False,False,False,True,19.37,-99.18
462,0.1909977857626422,4.242268041237113,17.34278350515464,c00b32fd-72cb-459a-bafb-449a4c59192e,CE-357 Matías Romero -Amores,357,19.380617,-99.167066,"['KEY', 'CREDITCARD']",23,False,False,False,True,19.38,-99.17
466,0.16507608080720573,5.641752577319588,26.70876288659794,c6a74f01-251b-4d59-a969-4073c9075fc4,CE-496 Maestro Rural - José Parres,496,19.449039,-99.170246,"['KEY', 'CREDITCARD']",35,False,False,False,True,19.44,-99.18
468,0.21123998846697606,6.430412371134021,22.788659793814432,7fb0cc0c-6208-4e09-88d8-b3d204966dd3,CE-149 Mérida-Antonio M. Anza,149,19.41199,-99.155699,"['KEY', 'CREDITCARD']",31,False,False,False,True,19.41,-99.16
469,0.14618397345608414,5.541237113402062,30.5,22e4abb7-d085-494b-b852-1959c3ec1608,CE-495 Amado Nervo - de los Maestros,495,19.445528,-99.166934,"['KEY', 'CREDITCARD']",39,False,False,False,True,19.44,-99.17
472,0.22653508771929823,4.729381443298969,15.577319587628866,b72262e9-d951-44d5-b234-45d9ca1d34fd,CE-245 Lago Onega-Av. Ejército Nacional,245,19.438347,-99.190503,"['KEY', 'CREDITCARD']",21,False,False,False,True,19.43,-99.2
473,0.19399964296871514,6.695876288659794,27.193298969072163,8d9432ad-d486-4a08-8bdb-3a10a01da631,CE-425 Nicolas San Juan-Avenida Universidad,425,19.36704,-99.167387,"['KEY', 'CREDITCARD']",35,False,False,False,True,19.36,-99.17
475,0.165261774813018,5.646907216494846,26.690721649484537,64a41976-59d8-4587-b27b-7e724375db8f,CE-502 Mar Mediterráneo - Callejón de la Zanja,502,19.453432,-99.174636,"['KEY', 'CREDITCARD']",35,False,False,False,True,19.45,-99.18
477,0.21772354657143092,7.747422680412371,27.528350515463917,7d9950c1-447e-4c8b-a953-45b169b29a4f,CE-498 de los Maestros - Plan de Agua Prieta,498,19.453146248510524,-99.16645511990282,"['KEY', 'CREDITCARD']",37,False,False,False,True,19.45,-99.17
478,0.18182327533515344,4.177835051546392,16.853092783505154,992cd43a-e002-4858-b8ef-4584a5928cdc,CE-536 Fresno - Eulalia Guzmán (Eje 2 Norte),536,19.458881,-99.159215,"['KEY', 'CREDITCARD']",23,False,False,False,True,19.45,-99.16
479,0.10281226665924101,5.115979381443299,44.80670103092783,e36b9d26-7777-4774-894b-0db132ecec47,CE-497 Manuel Carpio - Plan de Ayala,497,19.452688,-99.170157,"['KEY', 'CREDITCARD']",51,False,False,False,True,19.45,-99.18
484,0.19523644747464608,7.492268041237113,29.170103092783506,74fbe297-30e0-4d7c-8db3-d9aa0005edc3,CE-499 de los Maestros - Calzada de los Gallos,499,19.455986,-99.165966,"['KEY', 'CREDITCARD']",39,False,False,False,True,19.45,-99.17
495,0.16356131977972221,3.731958762886598,18.09278350515464,783775b3-08a3-4905-8f08-a15d70f84a3b,CE-703 Miguel Hidalgo - Calzada General Anaya,703,19.350776,-99.155379,"['KEY', 'CREDITCARD']",23,False,False,False,True,19.35,-99.16
496,0.17520142077449538,6.09020618556701,27.484536082474225,31df96e1-1f67-41f1-9f2a-b49bc66fd5f1,CE-673 Miguel Noreña - José María Ibarrarán,673,19.363153,-99.186963,"['KEY', 'CREDITCARD']",35,False,False,False,True,19.36,-99.19
507,0.22523026992099157,5.956185567010309,18.074742268041238,e20feb13-c84e-4311-bc52-79fca97eff6d,CE-626 San Borja - Petén,626,19.382115,-99.153988,"['KEY', 'CREDITCARD']",27,False,False,False,True,19.38,-99.16
513,0.08753281484616703,2.86340206185567,28.97422680412371,9d50b2fb-1db3-480b-a8e9-0e45ba31f717,CE-688 Panzacola - Miguel Ángel de Quevedo,688,19.346975,-99.178791,"['KEY', 'CREDITCARD']",33,False,False,False,True,19.34,-99.18
514,0.15000220283725438,4.005154639175258,22.048969072164947,35b745ec-9439-4429-8d65-25f652cbf76e,CE-661 Madrid - Universidad,661,19.35675,-99.171769,"['KEY', 'CREDITCARD']",27,False,False,False,True,19.35,-99.18
515,0.22467490029801535,6.63659793814433,20.742268041237114,adda1d52-c790-415f-b7b8-af95d828a8ba,CE-618 Bartolomé R. Salido - Edzna,618,19.381824,-99.148086,"['KEY', 'CREDITCARD']",31,False,False,False,True,19.38,-99.15
519,0.11521608154284085,2.631443298969072,19.559278350515463,af36ca20-7898-4492-90a5-f17e5cc0d64c,CE-689 G. Pérez Valenzuela - Salvador Novo,689,19.351426,-99.175455,"['KEY', 'CREDITCARD']",23,False,False,False,True,19.35,-99.18
522,0.17729999397118223,3.332474226804124,14.47938144329897,9ee5273a-6f6f-49a5-bace-eb2a80ef95ca,CE-629 Tajín - Chichen Itzá,629,19.376367,-99.155872,"['KEY', 'CREDITCARD']",19,False,False,False,True,19.37,-99.16
546,0.1282140092090787,2.9329896907216493,19.376288659793815,b786dcc6-d55c-4e4d-bade-07bb312e2455,CE-664 Hortensia - 2da cerrada de Minerva,664,19.355544,-99.178992,"['KEY', 'CREDITCARD']",23,False,False,False,True,19.35,-99.18
549,0.19828722002635046,4.47680412371134,16.75515463917526,794e2765-f0f2-48c3-a534-78cb1f5928d6,CE-663 Hortensia - Avenida Universidad,663,19.3548028,-99.1754194,"['KEY', 'CREDITCARD']",23,False,False,False,True,19.35,-99.18
553,0.18812395582902083,4.311855670103093,17.695876288659793,7f1d2883-b473-41cf-9dd3-2ea4a7db19c8,CE-662 Manzano - Circuito Interior,662,19.362041,-99.175158,"['KEY', 'CREDITCARD']",23,False,False,False,True,19.36,-99.18
554,0.1887038276315308,5.734536082474227,24.09020618556701,7cace8ba-01b3-414a-ab5f-5269ccd9ce02,CE-679 Olivo - Tecoyotitla,679,19.354886,-99.184642,"['KEY', 'CREDITCARD']",31,False,False,False,True,19.35,-99.19
559,0.210243684880619,5.306701030927835,20.172680412371133,1d870e93-3666-4087-ae78-e59d9a49be3f,CE-678 Francia - Tecoyotitla,678,19.3588634,-99.1829297,"['KEY', 'CREDITCARD']",27,False,False,False,True,19.35,-99.19
560,0.19908127000910503,5.270618556701031,19.538659793814432,bf0acc50-b72b-43e3-a666-63efd5f913fd,CE-645 Saratoga - Ajusco,645,19.358634,-99.152732,"['KEY', 'CREDITCARD']",27,False,False,False,True,19.35,-99.16
562,0.07746394689693659,2.0850515463917527,24.22680412371134,2629e343-2fab-41f3-9c8c-76d6190d99de,CE-686 Vito Alessio Robles - Universidad,686,19.352203,-99.178393,"['KEY', 'CREDITCARD']",27,False,False,False,True,19.35,-99.18
563,0.22764178929127382,6.06701030927835,19.29123711340206,20772962-7303-449e-91ed-ae065164fefa,CE-501 Plan de Guadalupe /Ferrocarril de Cuernavaca - Eligio Ancona,501,19.454257,-99.172593,"['KEY', 'CREDITCARD']",27,False,False,False,True,19.45,-99.18
572,0.09539753869650777,2.5721649484536084,24.0,7083f60c-758b-474e-9349-178c60a2c4be,CE-687 Francisco Sosa - Panzacola,687,19.349307,-99.179074,"['KEY', 'CREDITCARD']",27,False,False,False,True,19.34,-99.18
574,0.20937340524409104,4.610824742268041,16.554123711340207,a791b9fa-c6cd-4259-b47d-35fb38e42b70,CE-628 Tenayuca - Chichen Itzá,628,19.378281,-99.15841,"['KEY', 'CREDITCARD']",23,False,False,False,True,19.37,-99.16
578,0.15724970400531346,5.479381443298969,28.34278350515464,df374bb4-e210-4488-a7d4-948fefb78b30,CE-531 Norte 67 - Poniente 44,531,19.460356,-99.174283,"['KEY', 'CREDITCARD']",35,False,False,False,True,19.46,-99.18
579,0.20168218601042012,6.22680412371134,23.951030927835053,2cdf206f-38ab-45a8-90b5-289326f8aad6,CE-684 Vito Alessio Robles - Tecoyotitla,684,19.351594,-99.184772,"['KEY', 'CREDITCARD']",31,False,False,False,True,19.35,-99.19
580,0.16991546737259025,5.11340206185567,22.8479381443299,f331dd7b-150c-4d9b-b7f5-0cd5690eb05d,CE-613 Luz Saviñón - Doctor José María Vertiz,613,19.390019,-99.15111,"['KEY', 'CREDITCARD']",31,False,False,False,True,19.39,-99.16
584,0.18489078529419184,4.22680412371134,17.822164948453608,20bc9739-f348-451a-95c7-7ea9d51d5ca6,CE-665 Moras - Mango,665,19.3589028,-99.1779972,"['KEY', 'CREDITCARD']",23,False,False,False,True,19.35,-99.18
602,0.17652938038687216,5.329896907216495,22.646907216494846,ac663dac-3808-4bcd-9f49-10803167078e,CE-600 Cumbres de Acultzingo - Av. Universidad,600,19.392463,-99.150544,"['KEY', 'CREDITCARD']",31,False,False,False,True,19.39,-99.16
609,0.22183172941241075,5.811855670103093,19.059278350515463,d207f584-b192-44ed-8b70-906e3707fca1,CE-685 Av De la Paz - Insurgentes,685,19.34769884286648,-99.18690070520825,"['KEY', 'CREDITCARD']",27,False,False,False,True,19.34,-99.19
626,0.146010757507844,3.3582474226804124,18.948453608247423,0d1c60f1-03ca-4f3a-87e0-22e71eb6fd24,CE-699 San Gregorio - Felipe Carrillo Puerto,699,19.346895,-99.163868,"['KEY', 'CREDITCARD']",23,False,False,False,True,19.34,-99.17
628,0.15163641159134433,4.680412371134021,24.79381443298969,cbf2e54c-341d-4cf8-b105-a4508e3b87cc,CE-627 San Borja - Av. Universidad,627,19.382606,-99.156592,"['KEY', 'CREDITCARD']",31,False,False,False,True,19.38,-99.16
631,0.12844817485169346,3.4252577319587627,22.623711340206185,df4ef77c-93b0-4d5c-953c-2b1a603116f7,CE-674 Silvestre Revueltas - Macedonio Alcalá,674,19.361846,-99.186814,"['KEY', 'CREDITCARD']",27,False,False,False,True,19.36,-99.19
634,0.14104105247222287,5.018041237113402,29.5979381443299,33d6c0f1-6bb6-4f0e-9aa2-4c0cebbd940d,CE-671 Plateros - Jose María Velasco,671,19.364577,-99.186288,"['KEY', 'CREDITCARD']",36,False,False,False,True,19.36,-99.19
640,0.18923434252882929,4.319587628865979,18.164948453608247,ef4f9ca3-cbda-4ab2-a6ed-af1d3f75f7a4,CE-442  Real de Mayorazgo - Avenida México - Coyoacán,442,19.359863,-99.165065,"['KEY', 'CREDITCARD']",23,False,False,False,True,19.35,-99.17
652,0.19830910212353509,5.234536082474227,18.927835051546392,c26e6297-b597-4d7f-8db3-1dbee36edaff,CE-614 Torres Adalid - Av. Cuauhtémoc,614,19.389293,-99.156348,"['KEY', 'CREDITCARD']",27,False,False,False,True,19.38,-99.16
653,0.21974724325760595,5.559278350515464,17.04381443298969,a136d3c5-1405-47f6-a8bb-b7f732a6f990,CE-632 Victor Hugo - Sevilla,632,19.370891,-99.151577,"['KEY', 'CREDITCARD']",27,False,False,False,True,19.37,-99.16
656,0.12598605951834382,4.86340206185567,32.396907216494846,17dc072d-8941-476d-ae85-397cadc51581,CE-513 Av. Aquiles Serdán - Av. Invierno,513,19.469578,-99.189828,"['KEY', 'CREDITCARD']",39,False,False,False,True,19.46,-99.19
668,0.212370977025146,6.448453608247423,21.20618556701031,44bebb33-984d-4480-aca2-7556e440fe56,CE-488 Huetzin - Cuitláhuac,488,19.444812,-99.170307,"['KEY', 'CREDITCARD']",31,False,False,False,True,19.44,-99.18
678,0.2037627507708189,4.610824742268041,16.1520618556701,e1e2e11d-683f-468a-8ecb-6bb440eea06e,CE-532  Av. Biólogo Maximino Martínez - Camarones,532,19.4608358,-99.1711512,"['KEY', 'CREDITCARD']",23,False,False,False,True,19.46,-99.18
683,0.09499482333245221,2.497422680412371,22.971649484536083,c2821ebe-6933-4b30-98cb-1ca3b3f35ec5,CE-440  Martin Mendalde - M. López Cotilla,440,19.3617925,-99.1714707,"['KEY', 'CREDITCARD']",27,False,False,False,True,19.36,-99.18
685,0.14098922078303522,3.7783505154639174,21.922680412371133,afb2c18b-b010-40de-ba07-0fa6288dc5e4,CE-680  Diego Becerra - Av. Revolución,680,19.3667184,-99.1883241,"['KEY', 'CREDITCARD']",27,False,False,False,True,19.36,-99.19
